章節,題號,題目,選項(A),選項(B),選項(C),選項(D),正確答案
第一章 民用航空法及相關法規,1,遙控無人機如為不法份子作為犯罪工具或因不當操作而致失控墜落者，可能導致何種後 果？,造成他人生命財產之損失。,危害公共利益。,影響飛航安全。,以上皆是。,D
第一章 民用航空法及相關法規,2,市面上遙控無人機類型繁多，為保障操作安全，操作人於購買時應留意產品何項資訊？,使用限制。,操作性能。,保固範圍。,以上皆是。,D
第一章 民用航空法及相關法規,3,遙控無人機之註冊、針對操作人員進行教育宣導及操作範圍警示之規定，係為達到哪個 目的？,刁難操作人員。,打擊遙控無人機市場。,安全使用。,以上皆是。,C
第一章 民用航空法及相關法規,4,操作證考取目的係為確保操作人於哪個階段能熟悉相關航空知識與管理規範，並具備一 定操作熟練度及緊急處置能力？,操作前及操作時。,操作前及操作後。,操作前。,操作後。,A
第一章 民用航空法及相關法規,5,外國人領有外國政府對於所持有遙控無人機之註冊、操作證及檢驗合格等證明文件者， 必須向哪個單位申請認可後，於遵守我國相關法令下從事遙控無人機活動？,外交部。,駐外單位。,民航局。,科技部。,C
第一章 民用航空法及相關法規,6,操作人僅透過遙控無人機即時傳輸圖像功能，是否即足以監控鏡頭外之周遭狀況？,否。,是。,視傳輸圖像清晰度而定。,視天氣狀況而定。,A
第一章 民用航空法及相關法規,7,操作人不得利用遙控無人機從事哪種行為？,合法行為。,非法行為。,適法行為。,法定行為。,B
第一章 民用航空法及相關法規,8,操作人不得無故利用遙控無人機對他人進行何種行為？,攝錄非公開活動。,竊聽私下談話。,窺視身體隱私部位。,以上皆是。,D
第一章 民用航空法及相關法規,9,操作人未經同意，不得以遙控無人機對他人進行何種行為？,錄音。,照相、錄影。,電磁紀錄竊錄。,以上皆是。,D
第一章 民用航空法及相關法規,10,操作人不得無故利用遙控無人機於哪個場所進行飛航活動？,私人庭院。,學校教室。,辦公室場所。,以上皆是。,D
第一章 民用航空法及相關法規,11,遙控無人機於空中進行飛航活動時，易伴隨較高之何種風險？,文化風險。,健康風險。,社會風險。,貿易風險。,C
第一章 民用航空法及相關法規,12,對違反規範之遙控無人機操作人及所有人所為之處罰，係欲達到哪個目的？,維持社會秩序。,增進公共利益。,維護公共安全。,以上皆是。,D
第一章 民用航空法及相關法規,13,針對違反規範之遙控無人機操作人及所有人所處以罰鍰額度，係衡量何種因素而定？,公眾利益及安全財產危害程度。,政府稅收及國家經濟指數。,國力強弱及世界局勢。,教育程度及人民素質等。,A
第一章 民用航空法及相關法規,14,操作人於遵守相關規範下從事屬休閒娛樂性質之遙控無人機活動，其活動風險以何種管 理方式為主？,財政管理。,自我管理。,衛生管理。,健康管理。,B
第一章 民用航空法及相關法規,15,為法人從事業務之遙控無人機操作人，依法須強制加入何種保險？,積水險。,責任險。,地震險。,颱風險。,B
第一章 民用航空法及相關法規,16,遙控無人機定義為何？,自遙控設備以信號鏈路進行飛航控制之無人航空器。,自遙控設備以自動駕駛操作之無人航空器。,其他經民航局公告之無人航空器。,以上皆是。,D
第一章 民用航空法及相關法規,17,某遙控無人機操作人欲代地方農會執行農藥噴灑作業，以下敘述何者正確？,該操作人須通過學、術科測驗。,該操作人不須通過術科測驗。,執行農藥噴灑作業前不需經申請核准。,以上皆是。,A
第一章 民用航空法及相關法規,18,於何處進行遙控無人機飛航活動適用民用航空法之「遙控無人機」相關規定？,建築物內密閉空間。,建築物外開放空間。,任何空間。,以上皆非。,B
第一章 民用航空法及相關法規,19,遙控無人機活動期間，其所有人或操作人應負責任為何？,使用安全之責。,風險管理之責。,法規遵循之責。,以上皆是。,D
第一章 民用航空法及相關法規,20,有關遙控無人機飛航活動，下列敘述何者正確？,未經許可不得飛航於禁航區。,可任意飛航於限航區。,航空站四周之一定距離範圍內飛航無相關規定。,以上皆是。,A
第一章 民用航空法及相關法規,21,航空站或飛行場四周之一定距離範圍係由哪個機關進行公告？,民航局。,衛福部。,內政部。,文化部。,A
第一章 民用航空法及相關法規,22,直轄市、縣(市)政府依民航法第 99條之 13第2項所規範之區域內，得依公益及安全 需要，進行哪些項目之公告？,遙控無人機活動區域。,遙控無人機活動時間。,其他管理事項。,以上皆是。,D
第一章 民用航空法及相關法規,23,中央主管機關認有禁止或限制遙控無人機飛航活動需求者，得提請所在地哪個機關進行 公告？,鄉鎮區公所。,直轄市、縣(市)政府。,地方派出所。,地方農會。,B
第一章 民用航空法及相關法規,24,政府機關(構) 、學校或法人因執行業務需於禁、限航區及航空站或飛行場四周一定距離 範圍內從事遙控無人機飛航活動者，應申請何者會商目的事業主管機關同意後，始得為 之？,鄉鎮區公所。,衛福部。,民航局。,科技部。,C
第一章 民用航空法及相關法規,25,政府機關(構) 、學校或法人因執行業務需於直轄市、縣(市)政府所公告之遙控無人機 活動區域、時間及其他管理事項外從事飛航活動者，應申請何者會商相關中央主管機關 同意後，始得為之？,直轄市、縣(市)政府。,衛福部。,農委會。,交通部。,A
第一章 民用航空法及相關法規,26,遙控無人機未 經同意飛入禁航區、限航區，得由何者採取適當措施予以制止或排除？,交通警察大隊。,禁航區、限航區之管理人。,鄉鎮區公所。,地方派出所。,B
第一章 民用航空法及相關法規,27,遙控無人機未經同意飛入航空站或飛行場四周之一定距離範圍內者，航空站、飛行場之 經營人或管理人得會同何者予以取締？,當地里長。,地方派出所。,航空警察局。,交通警察大隊。,C
第一章 民用航空法及相關法規,28,遙控無人機未經同意飛入直轄市、縣(市)政府所公告之活動區域、時間及其他管理事 項外者，得由何者進行取締？,直轄市、縣(市)政府。,鄉鎮區公所。,地方派出所。,衛福部。,A
第一章 民用航空法及相關法規,29,從事休閒娛樂用途之遙控無人機活動，其飛航實際高度不得逾距地面或水面多少高度？,800呎。,400呎。,200呎。,100呎。,B
第一章 民用航空法及相關法規,30,從事遙控無人機飛航活動，非經民航局核准不得執行下列何者行為？,以信號鏈路進行飛航控制。,以自動駕駛操作。,投擲或噴灑任何物件。,其他經民航局同意之操作。,C
第一章 民用航空法及相關法規,31,從事遙控無人機飛航活動，不得裝載哪種物品？,光學酬載。,飛航所需燃油或電池。,民用航空法所公告之危險物品。,調整重心所需之配重塊。,C
第一章 民用航空法及相關法規,32,哪個機關負責訂定從事遙控無人機飛航活動所應遵守之規範？,衛福部。,交通部。,內政部。,文化部。,B
第一章 民用航空法及相關法規,33,從事休閒娛樂用途之遙控無人機不得於下列哪個區域進行飛航活動？,人群聚集或室外集會遊行上空。,經地方政府同意開放無人機活動之公園綠地。,經地方政府同意開放無人機活動之人煙稀少區。,經地方政府同意開放無人機活動之河灘地。,A
第一章 民用航空法及相關法規,34,從事休閒娛樂用途之遙控無人機不得於下列哪個時間進行飛航活動？,日落後至日出前。,日出後。,正中午。,無特別規定。,A
第一章 民用航空法及相關法規,35,操作人於從事休閒娛樂用途之遙控無人機飛航活動時，最多得同時控制幾架遙控無人 機？,1架。,2架。,5架。,10架以上。,A
第一章 民用航空法及相關法規,36,操作人於從事遙控無人機飛航活動期間，應留意下列何者？,遙控無人機之販售包裝。,遙控無人機之外觀造型。,遙控無人機飛航及其周遭狀況。,以上皆非。,C
第一章 民用航空法及相關法規,37,從事遙控無人機飛航活動時，應防止其與何者之接近或碰撞？,其他航空器。,建築物。,人群。,以上皆是。,D
第一章 民用航空法及相關法規,38,政府機關(構) 、學校或法人欲執行遙控無人機法規所訂之操作限制者，得檢附相關文書 並向下列何者申請核准後為之？,直轄市、縣(市)政府。,民航局。,警察機關。,衛福部。,B
第一章 民用航空法及相關法規,39,政府機關(構) 、學校或法人經民航局核准得於「人群聚集或室外集會遊行上空」進行飛 航活動者，其活動場地部分仍應取得何者之同意？,直轄市、縣(市)政府及相關中央主管機關。,直轄市、縣(市)政府。,相關中央主管機關。,當地派出所。,A
第一章 民用航空法及相關法規,40,操作遙控無人機發生下列哪種情形時，遙控無人機所有人應負賠償責任？,故意致他人死傷。,過失致他人死傷。,故意或過失毀損他人財物。,以上皆是。,D
第一章 民用航空法及相關法規,41,遙控無人機所有人將其遙控無人機交由他人進行操作而不慎墜落傷人，應由何人負連帶 賠償責任？,所有人及旁觀人。,所有人及設計者。,所有人及操作人。,所有人及製造者。,C
第一章 民用航空法及相關法規,42,政府機關(構) 、學校或法人於從事民航局核准之遙控無人機飛航活動前，應依法投保責 任保險，係依據何法所定之內容？,保險法。,民用航空 法。,民法。,勞動基準法。,B
第一章 民用航空法及相關法規,43,遙控無人機所有人或操作人違反「禁航區、限航區及航空站或飛行場四周之一定距離範 圍內從事飛航活動」之相關規定者，民航局除廢止其操作證並得沒入遙控無人機外，另 處多少新臺幣之罰鍰？,3萬元以上 18萬元以下。,5萬元以上 28萬元以下。,10萬元以上 48萬元以下。,30萬元以上 150萬元以下。,D
第一章 民用航空法及相關法規,44,遙控無人機所有人或操作人違反「不得逾距地面或水面高度 400呎從事飛航活動」之規 定者，民航局除廢止其操作證並得沒入遙控無人機外，另處多少新臺幣之罰鍰？,30萬元以上 150萬元以下。,1萬元以上 10萬元以下。,20萬元以上 50萬元以下。,5萬元以上 30萬元以下。,A
第一章 民用航空法及相關法規,45,遙控無人機之所有人或操作人違反「未領有操作證而操作遙控無人機」之規定者，除禁 止其活動，情節重大者並得沒入遙控無人機外，另處多少新臺幣之罰鍰？,1萬元以上 8萬元以下。,3萬元以上 18萬元以下。,6萬元以上 30萬元以下。,8萬元以上 38萬元以下。,C
第一章 民用航空法及相關法規,46,遙控無人機之所有人或操作人違反「未投保或未足額投保責任保險而從事遙控無人機活 動」之規定者，除禁止其活動，情節重大者並得沒入遙控無人機外，另處多少新臺幣之 罰鍰？,6萬元以上 30萬元以下。,3萬元以上 20萬元以下。,1萬元以上 8萬元以下。,8萬元以上 50萬元以下。,A
第一章 民用航空法及相關法規,47,遙控無人機之所有人或操作人違反「遙控無人機註冊或標明註冊號碼」之相關規定者， 除禁止其活動，情節重大者並得沒入遙控無人機外，另處多少新臺幣之罰鍰？,10萬元以上 48萬元以下。,8萬元以上 38萬元以下。,5萬元以上 28萬元以下。,3萬元以上 15萬元以下。,D
第一章 民用航空法及相關法規,48,遙控無人機之所有人或操作人違反「直轄市、縣(市)政府公告之區域、時間及其他管 理事項」之相關規定者，除禁止其活動，情節重大者並得沒入遙控無人機外，另處多少 新臺幣之罰鍰？,3萬元以上 15萬元以下。,5萬元以上 28萬元以下。,8萬元以上 38萬元以下。,15萬元以上 30萬元以下。,A
第一章 民用航空法及相關法規,49,遙控無人機之所有人或操作人違反「遙控無人機飛航活動應遵守之規定」者，除禁止其 活動，情節重大者並得沒入遙控無人機外，另處多少新臺幣之罰鍰？,10萬元以上 48萬元以下。,8萬元以上 38萬元以下。,5萬元以上 28萬元以下。,3萬元以上 15萬元以下。,D
第一章 民用航空法及相關法規,50,違反「射頻識別、檢驗、認可、維修與檢查、飛航活動之活動許可及內容、製造者與進 口者之登錄及責任、飛航安全相關事件之通報等事項」規定者，除禁止其活動，情節重 大者並得沒入遙控無人機外，另處多少新臺幣之罰鍰？,1萬元以上 150萬元以下。,5萬元以上 498萬元以下。,8萬元以上 798萬元以下。,10萬元以上 998萬元以下。,A
第一章 民用航空法及相關法規,51,遙控無人機和遙控設備間為操作飛行管理目的之資料鏈接，稱之？,網路鏈路。,通訊及控制信號鏈路。,電信鏈路。,光纖鏈路。,B
第一章 民用航空法及相關法規,52,計算遙控無人機之最大起飛重量 (MTOW) ，應包含下列哪些重量？,機體。,燃料、電池。,負載設備、酬載。,以上皆是。,D
第一章 民用航空法及相關法規,53,依據法規定義，於遙控無人機飛航活動期間，實際操控遙控無人機或指揮監督飛航活動 之人員稱之？,目視觀察員。,遙控無人機操作人。,任務協調員。,以上皆非。,B
第一章 民用航空法及相關法規,54,依據法規定義，持有遙控無人機操作證並於遙控無人機活動期間，提供實際操控遙控無 人機操作人必要飛航資訊之人員稱之？,設計者。,目視觀察員。,製造者。,遙控無人機所有人。,B
第一章 民用航空法及相關法規,55,遙控無人機依其構造可分為哪幾種？,無人飛機。,無人直昇機。,無人多旋翼機。,以上皆是。,D
第一章 民用航空法及相關法規,56,無人多旋翼機具有幾個以上之垂直傳動軸？,2個以上。,3個以上。,4個以上。,6個以上。,B
第一章 民用航空法及相關法規,57,何人應負飛航安全之責，對遙控無人機為妥善之維護，並從事安全飛航作業？,遙控無人機所有人及操作人。,遙控無人機設計者。,遙控無人機製造者。,遙控無人機改裝者。,A
第一章 民用航空法及相關法規,58,若遙控無人機飛航活動涉及 2位以上之操作者，下列敘述何者正確？,應指定 1人為決定權人，使得從事飛航活動。,不須指定決定權人即可從事飛航活動。,是否指定決定權人視任務性質而定。,以上皆非。,A
第一章 民用航空法及相關法規,59,下列何者較適合做為遙控無人機註冊號碼之標明處所？,起落架上。,螺旋槳面上。,機身未遮蔽之平整面上。,電池蓋上。,C
第一章 民用航空法及相關法規,60,註冊號碼應以標籤、鐫刻、噴漆或其他能辨識之方式標明，並於每次飛航時符合下列何 項要求？,確保不至脫落。,保持清潔。,能明顯辨識。,以上皆是。,D
第一章 民用航空法及相關法規,61,遙控無人機註冊號碼之標漆位置依法應位於何處？,固定結構內部。,固定結構外部。,轉動機構外部。,轉動機構內部。,B
第一章 民用航空法及相關法規,62,註冊號碼之顏色應以肉眼即能辨識，並應符合下列何項要求？,融入背景顏色。,與背景顏色相近。,與背景明顯反襯。,無特別規定。,C
第一章 民用航空法及相關法規,63,有關遙控無人機註冊號碼之使用，下列何者正確？,不得偽造。,不得變造。,不得矇領。,以上皆是。,D
第一章 民用航空法及相關法規,64,有關遙控無人機註冊號碼之使用，下列何者正確？,不得於任何未註冊之遙控無人機上使用。,可於他人未註冊之遙控無人機上使用。,可於自己所有未註冊之遙控無人機上使用。,使用狀況視遙控無人機型式而定。,A
第一章 民用航空法及相關法規,65,最大起飛重量超過一定重量之遙控無人機應具有射頻識別功能，其一定重量，係由下列 哪個機關公告之？,衛福部。,內政部。,科技部。,民航局。,D
第一章 民用航空法及相關法規,66,遙控無人機之設計、製造、改裝，可由何者提出型式檢驗申請？,設計者。,製造者。,改裝者。,以上皆可。,D
第一章 民用航空法及相關法規,67,遙控無人機之設計、製造、改裝，應檢附申請書向哪個機關申請型式檢驗？,民航局。,衛福部。,內政部。,科技部。,A
第一章 民用航空法及相關法規,68,自國外進口之遙控無人機，應由何者依規定向民航局申請型式檢驗？,操作人。,所有人。,進口者。,設計者。,C
第一章 民用航空法及相關法規,69,遙控無人機於設計、製造、改裝階段為驗證性能諸元所需之試飛，應檢附文件向哪個機 關申請試飛活動？,衛福部。,內政部。,科技部。,民航局。,D
第一章 民用航空法及相關法規,70,最大起飛重量 25公斤以上之遙控無人機，為確保其符合設計、製造、改裝之性能諸元， 應由何者提出實體檢驗申請？,操作人。,所有人。,設計者。,製造者。,B
第一章 民用航空法及相關法規,71,最大起飛重量 25公斤以上之遙控無人機，為確保其符合設計、製造、改裝之性能諸元， 應向哪個機關申請實體檢驗？,民航局。,衛福部。,內政部。,科技部。,A
第一章 民用航空法及相關法規,72,自行製造、使用之最大起飛重量 25公斤以上遙控無人機，何人可提出合併型式檢驗及實 體檢驗之申請？,製造者。,操作人。,所有人。,設計者。,C
第一章 民用航空法及相關法規,73,自行製造、使用之最大起飛重量 25公斤以上遙控無人機，可向哪個機關提出合併型式檢 驗及實體檢驗之申請？,內政部。,民航局。,科技部。,衛福部。,B
第一章 民用航空法及相關法規,74,實體檢驗合格證或特種實體檢驗合格證之記載事項如有變更時，下列敘述何者正確？,製造者應於事實發生日起 15日內申請換發。,設計者應於事實發生日起 10日內申請換發。,操作人應於事實發生日起 7日內申請換發。,所有人應於事實發生日起 15日內申請換發。,D
第一章 民用航空法及相關法規,75,有關遙控無人機製造者與進口者申請產品資訊登錄時機，下列敘述何者正確？,販售或進口前。,販售或進口時。,販售或進口後。,以上皆可。,A
第一章 民用航空法及相關法規,76,遙控無人機製造者與進口者應向哪個機關申請產品資訊登錄？,內政部。,科技部。,民航局。,經濟部。,C
第一章 民用航空法及相關法規,77,最大起飛重量 25公斤以上之遙控無人機因系統設計、製造或改裝缺失而致有不安全情況 時，下列何者為非？,設計者應針對該缺失採取補正措施。,製造者應針對該缺失採取補正措施。,改裝者應針對該缺失採取補正措施。,無須採取任何補正措施。,D
第一章 民用航空法及相關法規,78,操作政府機關(構) 、學校或法人所有遙控無人機之操作人應持有民航局發給之何種證 照，始得操作？,機師檢定證。,操作證。,維修檢定證。,鑑定合格證。,B
第一章 民用航空法及相關法規,79,有關遙控無人機操作證之分類，下列何者為非？,暫時操作證。,普通操作證。,專業操作證。,學習操作證。,A
第一章 民用航空法及相關法規,80,自然人欲以遙控無人機從事休閒娛樂用途，下列有關考照需求敘述何者正確？,操作 10公斤且裝置導航設備之遙控無人機不需考照。,操作未達 2公斤之遙控無人機不須考照。,操作 15公斤以上之遙控無人機僅需通過學科測驗。,操作未達 2公斤之遙控無人機須通過學科測驗。,B
第一章 民用航空法及相關法規,81,申請遙控無人機專業操作證者，其術科測驗應於學科測驗通過日起多久內完成，否則應 重新申請學科測驗？,3個月內。,6個月內。,9個月內。,1年內。,D
第一章 民用航空法及相關法規,82,操作人從事遙控無人機活動，應於何時依製造者所提供之維修指引對遙控無人機系統進 行檢查，以符合安全飛航條件後始得活動？,應於飛航活動前執行。,應於飛航活動後執行。,應於飛航活動中執行。,任何時間均可執行。,A
第一章 民用航空法及相關法規,83,操作人從事遙控無人機飛航活動前，下列何者非為主要考量因素？,氣象條件。,空域、飛航限制。,其他空中或地面之危害因素。,操作者家庭狀況。,D
第一章 民用航空法及相關法規,84,有關操作人欲於載具上操作遙控無人機以進行飛航活動，下列敘述何者錯誤？,可於固定之導控站上操作。,可於固定之車輛上操作。,可於移動中之航空器上操作。,可於固定之船艦上操作。,C
第一章 民用航空法及相關法規,85,哪些單位應檢附文件向民航局申請核准後，始得從事遙控無人機飛航活動？,政府機關(構) 。,學校。,法人。,以上皆是。,D
第一章 民用航空法及相關法規,86,政府機關(構) 、學校或法人欲於直轄市、縣(市)政府公告之禁止、限制區域內從事遙 控無人機飛航活動者，應至少於活動日前多久檢附計畫書提出申請？,30日前。,20日前。,15日前。,10日前。,C
第一章 民用航空法及相關法規,87,最大起飛重量 2公斤以上且裝置導航設備之遙控無人機遭受實質損害或失蹤時，所有人 或操作人應於發生或得知消息後多久內填具飛航安全相關事件報告表通報民航局？,6小時內。,12小時內。,24小時內。,48小時內。,C
第一章 民用航空法及相關法規,88,當遙控無人機發生與其他航空器或障礙物接近或碰撞之事故時，所有人或操作人應於發 生或得知消息後多久內填具飛航安全相關事件報告表通報民航局？,6小時內。,12小時內。,24小時內。,48小時內。,C
第一章 民用航空法及相關法規,89,當發生遙控無人機飛航安全相關事件時，民航局針對操作人可採取哪項措施？,得逕為暫停其操作或飛航活動。,經操作人同意後，得暫停其操作或飛航活動。,經所在地方政府同意後，得暫停其操作或飛航活動。,需待調查結束後並經操作人同意，使得暫停其操作或飛航活動。,A
第一章 民用航空法及相關法規,90,根據「遙控無人機管理規則」內容，各項申請及通報作業可透過何處以電子化方式為 之？,地方政府所建置之資訊系統。,民航局所指定之資訊系統。,財政部所建置資訊系統。,經濟部所建置資訊系統。,B
第一章 民用航空法及相關法規,91,遙控無人機經型式檢驗合格後，除因改裝需重新辦理檢驗及註冊異動外，是否需再辦理 定期檢驗？,仍需再辦理定期檢驗。,無需再辦理定期檢驗。,操作人認為有需要則應再辦理定期檢驗。,所有人認為有需要則應再辦理定期檢驗。,B
第一章 民用航空法及相關法規,92,遙控無人機於發生飛航安全相關事件後，何人應負責進行通報？,僅有所有人。,僅有操作人。,所有人或操作人。,操作人之親屬。,C
第一章 民用航空法及相關法規,93,操作人未經獲准從事視距外之遙控無人機飛航活動，除不得使用矯正鏡片外之任何工具  做延伸視距飛航外，另須遵守哪項飛航範圍限制？,須於信號鏈路有效範圍內操作。,須於目視範圍內操作。,須於自動駕駛有效範圍內操作。,須於安全油量範圍內操作。,B
第一章 民用航空法及相關法規,94,有關政府機關(構) 、學校或法人欲執行獲民航局許可之遙控無人機飛航任務，下列敘述 何者正確？,飛航任務後應向民航局申請該次活動許可。,飛航任務時應向民航局申請該次活動許可。,飛航任務前應向民航局申請該次活動許可。,不須向民航局申請該次活動許可。,C
第一章 民用航空法及相關法規,95,遙控無人機管理規則針對「延伸視距飛航」之定義，下列何者為非？,操作人須於視距外操作。,目視觀察員須距 遙控無人機 半徑三百公尺範圍內。,操作人應自目視觀察員獲取必要飛航資訊。,目視觀察員不須與遙控無人機保持直接目視接觸。,D
第一章 民用航空法及相關法規,96,遙控無人機管理規則如何定義「延伸視距最大範圍」？,以遙控無人機操作人為中心，半徑 900公尺、相對地面或水面高度低於 400呎內之 區域。,以遙控無人機操作人為中心，半 徑600公尺、相對地面或水面高度低於 300呎內之 區域。,以遙控無人機操作人為中心，半徑 500公尺、相對地面或水面高度低於 200呎內之 區域。,"以遙控無人機操作人為中心，半徑 1,200公尺、相對地面或水面高度低於 200呎內 之區域。",A
第一章 民用航空法及相關法規,97,針對自然人所有之遙控無人機，法規明訂其最大起飛重量達多少以上，即應辦理註冊？,250公克以上。,1公斤以上。,2公斤以上。,15公斤以上。,A
第一章 民用航空法及相關法規,98,遙控無人機發生滅失情形者，其所有人申請註銷註冊之程序為何？,事實發生日起 15日內向民航局申請。,事實發生日起 20日內向民航局申請。,事實發生日起 15日內向所在地方政府申請。,事實發生日起 20日內向所在地方政府申請。,A
第一章 民用航空法及相關法規,99,遙控無人機註冊號碼之有效期限為幾年？,1年。,2年。,3年。,4年。,B
第一章 民用航空法及相關法規,100,法規規定最大起飛重量達多少以上且裝置導航設備之遙控無人機，應具備防止其進入 禁、限航區及航空站或飛行場四周一定距離範圍內之圖資軟體系統？,250公克以上。,1公斤以上。,2公斤以上。,15公斤以上。,B
第一章 民用航空法及相關法規,101,遙控無人機實體檢驗合格證之有效期限為幾年？,1年。,2年。,3年。,4年。,C
第一章 民用航空法及相關法規,102,持有普通操作證之自然人，依規定得操作下列哪個重量級距之遙控無人機？,15公斤以上之遙控無人機。,25公斤以上之遙控無人機。,未達 15公斤且裝置導航設備之遙控無人機。,30公斤以上之遙控無人機。,C
第一章 民用航空法及相關法規,103,持有普通操作證及專業操作證對於可操控之遙控無人機重量界線為何？,1公斤。,2公斤。,15公斤。,25公斤。,C
第一章 民用航空法及相關法規,104,針對學習操作證之敘述，下列何者為非？,申請者應年滿 16歲。,持有者須於具備普通或專業操作證之操作人在旁指導監護下，使得操作。,持有者所操作遙控無人機構型不受限制。,持有者所操作遙控無人機重量不得逾 15公斤。,C
第一章 民用航空法及相關法規,105,針對專業操作證之敘述，下列何者正確？,分為初、中、高等 3級。,持有者僅須通過學科測驗。,持有者得執行獲核准之法人委託業務。,持有者無須經過體格檢查。,C
第一章 民用航空法及相關法規,106,申請遙控無人機專業操作證者，其術科測驗應於學科測驗通過日起多久內完成？,3個月內。,6個月內。,9個月內。,1年內。,D
第一章 民用航空法及相關法規,107,操作人操作遙控無人機時，血液中酒精濃度依法不得超過多少？,0.01%。,0.02%。,0.04%。,0.06%。,B
第一章 民用航空法及相關法規,108,最大起飛重量未達 25公斤且裝置導航設備之遙控無人機，其最大飛行速度不得超過多 少？,70海浬 /小時。,87海浬 /小時。,100海浬 /小時。,150海浬 /小時。,B
第一章 民用航空法及相關法規,109,政府機關(構) 、學校或法人欲於禁、限航區及航空站或飛行場四周一定距離範圍內從事 遙控無人機飛航活動者，應於活動日前多久提出申請？,15日前。,10日前。,5日前。,3日前。,A
第一章 民用航空法及相關法規,110,政府機關(構) 、學校或法人於涉及軍事航空管理機關(構)管理之禁、限航區及航空站 或飛行場四周一定距離範圍內從事遙控無人機飛航活動者，應於活動日前多久提出申 請？,30日前。,20日前。,15日前。,10日前。,A
第一章 民用航空法及相關法規,111,政府機關(構) 、學校或法人於直轄市、縣(市)政府公告之禁止、限制區域內從事遙控 無人機飛航活動時，如有跨縣市飛航情形，應向哪個機關提出申請？,飛經之直轄市、縣(市)政府。,起飛地點所在直轄市、縣(市)政府提出申請，經所在地及跨縣市政府同意。,降落地點所在直轄市、縣(市)政府。,降落地點所鄰近直轄市、縣(市)政府。,B
第一章 民用航空法及相關法規,112,當災害發生時，欲於各級政府依災害防救法劃定之警戒區域或指定區域內從事遙控無人 機飛航活動者，應聽從何者之統一指揮調度？,民航局局長。,當地警察局局長。,當地消防局局長。,各級政府災害應變中心指揮官。,D
第一章 民用航空法及相關法規,113,政府機關(構) 、學校或法人依法應保存遙控無人機之註冊號碼、活動日期、活動區域、 飛航時間、飛航性質、操作人員姓名、維護或修理、改裝等紀錄，並應保存多久？,1年。,2年。,3年。,5年。,B
第一章 民用航空法及相關法規,114,有關外國人領有外國政府所核發遙控無人機相關證照者，應向民航局申請認可後使得於 本區從事遙控無人機飛航活動之規定，是否亦適用於領有外國政府核發證照之本國人？,是，本國人亦適用。,否，本國人不適用。,視活動時間決定適用與否。,視活動性質決定適用與否。,B
第一章 民用航空法及相關法規,115,某合格無人機業務團隊受委託以遙控無人機執行山區電纜線路查檢工作。惟因路況不 佳，該團隊無法抵達預訂工作區域，為不影響任務進行，成員臨時決定仍將無人機飛至 工作區，並以望遠鏡保持與其間之視線接觸。請問該團隊之決定是否違反無人機相關規 範？,並無違反遙控無人機相關規範。,已違反遙控無人機相關規範。,有無違反規範視任務執行結果而定。,資訊不足，無法判斷。,B
第一章 民用航空法及相關法規,116,某無人機團隊獲准於機場跑道上空測試某項酬載功能，有人建議飛得越高越能展現測試 成果，請問操作人對於該建議應有哪項認知？,活動既經核准，即無飛航高度限制，想飛多高就多高。,飛航高度未經核准，仍應遵守距地表面不得逾 400呎之規定。,飛航高度聽從現場指揮人員視任務執行狀況決定。,飛航高度視能見度好壞決定。,B
第一章 民用航空法及相關法規,117,某無人機團隊正擬定拍攝一大型廟會活動之飛航計畫，請問該團隊對於其執行之任務， 應有下列何種正確認知？,團隊技術高超，拍攝時無須特別防護工作。,為達拍攝效果，於任務中任意變換無人機飛航高度甚至接近人群是可以接受的。,重量較輕的無人機相對危害較小，故可隨意飛近目標物進行拍攝。,操作人應領有相應專業操作證，且於執行任務前應申請活動許可。,D
第一章 民用航空法及相關法規,118,無人機團隊正在作飛行前準備，臨時被告知因緊急狀況，無人機於飛航時必須裝載由民 航局公告之危險物品，請問操作人該有下列哪項正確認知？,僅要能確保無人機飛航時之平衡及控制穩定，即同意該要求，否則拒絕該要求。,未經核准前，依規定不得以無人機裝載危險物品，應直接拒絕該要求。,如該危險物品之包裝完好且易固定，即同意該要求，否則就拒絕該要求。,因為緊急狀況，應無條件同意該要求。,B
第一章 民用航空法及相關法規,119,某款遙控無人機搭載攝影機及 GPS等裝備，可利用圖傳系統於螢幕上即時傳輸圖像，請 問操作人於操作該款無人機時，對於即時傳輸圖像功能應具有下列哪項正確認知？,可完全信賴，操作時不必再監視無人機飛航及其周遭狀況。,只要搭載攝影裝備解析度夠好，即不必再監視無人機飛航及其周遭狀況。,只要操作人技術夠純熟，即不必再監視無人機飛航及其周遭狀況。,無論是否搭載圖傳裝備，操作人仍應隨時監視無人機之飛航及其周遭狀況。,D
第一章 民用航空法及相關法規,120,遙控無人機飛航活動對於其他航空器活動、地面人群及建築物所帶來之影響顯而易見， 請問就操作人而言，應有下列哪項正確觀念？,反正其他目標物均很明顯，發現時再緊急避讓即可。,應於可操作區域進行飛航、遵守相關規定，隨時注意並防止無人機接近任何其他目 標物。,只要於可操作區域內飛航，無人機是否接近其他目標物非操作者的責任。,進行無人機飛航活動時，若有目視觀察員在側，由目視觀察員全權負責無人機與其  他目標物之隔離工作。,B
第一章 民用航空法及相關法規,121,某明星正在室外舉行音樂發表會，主辦單位看到現場人山人海，為擴大宣傳效果， 臨時 打算請某無人機團隊利用無人機於現場人群上空進行投擲紀念版 T恤及 CD活動，請問 下列敘述何者正確？,法規已明訂未取得相應專業操作證及事前活動申請許可，不得以遙控無人機進行投 擲作業。,主辦單位只要事先向現場人群說明活動進行方式，即可進行投擲作業。,只要主辦單位提供之 T恤及 CD數量能符合無人機酬載需求，即可進行投擲作業。,使用無人機投擲物件稀鬆平常，毫無安全疑慮，可以直接進行投擲作業。,A
第一章 民用航空法及相關法規,122,某電影拍攝作業因取景需求，導演指示團隊將無人機飛入民用航空法所規範之限航區內 執行空拍任務，請 問下列敘述何者正確？,只要在限航區內不要待太久，趕緊拍攝完畢就好。,非經核准，限航區內不得從事遙控無人機飛航活動。,若限航區位處人煙罕至處，飛進去拍攝無妨。,只要有助手協助觀察限航區內狀況，即可飛入拍攝。,B
第一章 民用航空法及相關法規,123,國內某無人機團隊有名外籍成員，雖領有該國政府所核發之合格無人機操作證，惟尚未 獲得本國民航局認可。針對該名外籍成員欲參與團隊於本國境內之無人機飛航活動之敘 述，下列何者正確？,該員已領有外國政府核發證照，理當可於本國境內從事飛航活動。,如該員已具備無人機操作經歷滿 3年以上，即可直接於本國境內從事飛航活動。,該員必須獲得本國民航局認可，使得於本國境內從事飛航活動。,只要無人機團隊有人願簽切結書擔保活動之安全，該員即可於本國境內從事飛航活 動。,C
第一章 民用航空法及相關法規,124,王大華從某購物商場購買一台最大起飛重量 950公克的無人多旋翼機，欲作為假日出遊 紀錄小孩玩樂過程的利器，有關王大華應注意事項，下列哪項正確？,王大華不須為該台無人多旋翼機辦理註冊。,王大華須取得高級專業操作證後，才能操作該台無人多旋翼機。,王大華不得任意於機場周邊進行飛航操作。,王大華須為該台無人多旋翼機辦理實體檢驗。,C
第一章 民用航空法及相關法規,125,某大學校慶活動，預計於該校室內體育館舉行一場無人機競技比賽，請問有關該比賽之 適法性問題，下列何者為非？,該比賽舉辦地點於室內，非屬民航法無人機專章規範範圍。,該比賽舉辦地點雖於室內 ，仍屬民航法無人機專章規範範圍。,操作人於比賽過程中仍須注意在場人員之安全。,比賽過程中如因操作人操作不當而傷及他人者，操作人仍可能須負相關法律責任。,B
第一章 民用航空法及相關法規,126,某無人機團隊受知名電視台委託，要利用無人機進行即時新聞事件之空拍作業，惟團隊 經評估後認為該空拍作業可能存在安全顧慮，請問該團隊面對電視台之委託，採取下列 何項作法較為恰當？,僅須視操作人經驗決定是否接受該任務。,視電視台給予酬勞多寡決定是否接受該任務。,評估有安全顧慮即應婉拒該任務，並詳細解釋其原因。,視任務活動投保額度高低決定是否接受該任務。,C
第一章 民用航空法及相關法規,127,小陳為某新成立無人機業務公司負責人，目前除積極招兵買馬外，亦準備購入 20台不同 構型、重量之業務用無人機。請問小陳對於該公司所購入無人機之註冊相關規定，下列 敘述何者正確？,所有無人機均須辦理註冊。,最大起飛重量超過 250公克之無人機才須辦理註冊。,僅須為所採購無人機之半數辦理註冊即可。,由主管機關決定應辦理註冊之無人機數量。,A
第一章 民用航空法及相關法規,128,某公司因業務需求所購入之一批無人機剛完成向民航局申請之註冊程序，請問該公司對 於註冊號碼之標註規定所應有認知，下列何者為非？,註冊號碼標註位置須能清楚辨識。,註冊號碼得以噴漆方式標註。,須確保註冊號碼不會於每次飛航活動中脫落。,無人機之移動結構外部最適合作為註冊號碼標註之處。,D
第一章 民用航空法及相關法規,129,某無人機團隊因特殊任務需求所新購之一架無人機尚未完成註冊程序，惟因任務在即， 有成員建議先借用另一架已註冊無人機之註冊號碼，再向民航局報備即可。請問針對該 成員之主張，下列何者為正確？,註冊號碼本來就可以互相借用，並無違反相關規定。,只要所借用註冊號碼同屬該團隊其他無人機所有，即無違反相關規定。,只要先向民航局報備獲准借用，即無違反相關規範。,註冊號碼不得借供於未註冊之無人機上使用，該成員之主張已明顯違反相關規範。,D
第一章 民用航空法及相關法規,130,無人機團隊因任務需要，為其所有之一架已取得型式檢驗合格證之無人 機進行改裝行 為，請問該團隊針對無人機改裝後之應有認知，下列何者正確？,改裝者應檢附申請書向民航局再次申請型式檢驗。,改裝行為並不影響型式檢驗之效力，無須再進行任何檢驗。,該團隊能擔保改裝行為不影響無人機飛航性能及安全，即不須再進行任何檢驗。,由主管機關自由判定改裝行為是否須進行重新檢驗。,A
第一章 民用航空法及相關法規,131,某團隊擁有一架最大起飛重量達 30公斤之無人飛機逾半年之久，經過幾次任務後發現該 機因某項設計缺失而恐致操作安全疑慮，請問該團隊應有下列何項認知及作為？,只要加強操作人技術及應付緊急狀況之能力即可，不須採取其他作為。,團隊應儘速詢求該無人機設計者，以針對設計缺失進行補正作為。,於往後每次活動區域內設置安全防護網即可，不須採取其他作為。,於往後活動前只要記得投保較高額度之保險即可，不須採取其他作為。,B
第一章 民用航空法及相關法規,132,某電影公司欲拍攝高速公路警匪追逐場景，為求逼真效果，電影公司要求無人機團隊操 作無人機近距離拍攝疾駛於高速公路上之車輛，請問操作人應有哪項正確認知？,這是訓練自己技術的好機會，應大膽接受任務。,看在電影公司給予高額酬勞的份上，理應接受該任務。,只要團隊多數人認為可以執行，即應接受該任務。,未經核准飛航前，無人機飛航活動應遠離高速公路至少 30公尺以上，該任務顯違反 規定，應予以拒絕。,D
第一章 民用航空法及相關法規,133,某區域發生強烈地震，造成人員傷亡及財產損害嚴重，某新聞機構要求無人機團隊不待 申請，立即趕赴當地執行空拍任務，以便進行獨家即時新聞報導，請問該團隊應有何種 正確認知？,緊急情況時，應遵守災害防救法之規定，統一聽從政府災害應變中心指揮及調度， 不可擅自 進行拍攝。,因屬災害危難事件、人命關天，應不顧一切答應其要求，並立即前往進行拍攝。,只要取得欲拍攝區域之里長口頭同意後，即可進行拍攝任務。,只要取得欲拍攝區域之消防主管機關口頭同意後，即可進行拍攝任務。,A
第一章 民用航空法及相關法規,134,某大學順應潮流成立無人機社團，其成員亦將成為該校未來無人機業務執行主力。學校 為擴大宣傳，臨時決定某日下午於校園空曠處進行無人機飛航展示活動，請問下列認知 何者正確？,校園內飛航無受法規限制，可盡情執行飛航展示活動。,只要經學校同意，並於活動現場派員口頭宣導注意事項，即 可任意進行飛航展示活 動。,該校仍應於完成飛航活動許可申請後，始得依申請內容進行飛航操作展示。,為展示無人機性能，刻意將無人機飛越人群、教室或辦公區域是可允許的。,C
第一章 民用航空法及相關法規,135,小華為某公司無人機業務部門主管兼資深飛手，請問有關每趟飛航任務之操作紀錄、無 人機維護紀錄及相關修理紀錄等處置事宜，小華應有哪項正確認知？,法規針對相關紀錄之處置並無明確規範，隨公司高層想怎麼處理都可以。,相關紀錄內容隨便寫寫就好，反正任務完成、機器能正常運作即可。,明知飛航任務中發生異常現象，為利團隊績效，自行研判若不嚴重，即不須特別紀 錄。,公司應妥善保存每趟任務之相關紀錄，法規針對紀錄事項及保存期限等亦有相關規 定。,D
第一章 民用航空法及相關法規,136,一架最大起飛重量 5公斤且裝置導航設備之遙控無人機於海岸邊執行空拍任務時，因操 作不當而致失控墜海，目視機體已明顯損壞無法繼續使用。請問操作人應採取下列哪項 正確作為？,只要無造成人員傷亡，即不須作任何處置。,只要無造成人員傷亡，只需要把墜海的無人機拾回即可。,無論有無造成人員傷亡，應於事件發生後 24小時內依規定通報當地消防單位。,無論有無造成人員傷亡，應於事件發生後 24小時內依規定通報民航局。,D
第一章 民用航空法及相關法規,137,某無人機團隊正規劃一場沙灘音樂饗宴任務，其內容包括： 「日落後利用無人機於參與民 眾上空噴灑彩色粉末，以製造繽紛效果」 。請問下列何者為該團隊執行任務前最重要之考 量因素？,操作者之飛航技術及膽識是否足夠。,彩色粉末之數量是否足夠活動需求。,該任務是否已經申請核准，操作者是否領有相應操作證。,現場燈光及音效設備是否良好，以營造絢麗歡樂 效果。,C
第一章 民用航空法及相關法規,138,某公司無人機團隊正執行飛航任務，突接獲上層電話指示須臨時將無人機飛至前方人群 密集之住宅區拍攝所需影像，並表示公司先前已獲得民航局相關安全能力審查通過，可 放心飛入執行拍攝。」請問該團隊應有下列何種正確認知？,當然是聽從上層的要求，直接飛入住宅區進行拍攝。,活動前仍應依規定向民航局申請執行許可後，使得進行拍攝。,只要臨時通知所在地轄區派出所後，即可進行拍攝。,只要臨時通知所在地轄區里長辦公室後，即可進行拍攝。,B
第一章 民用航空法及相關法規,139,某業餘玩家利用假日至一處未被劃設禁飛區域內進行無人機試飛活動，並預劃完成數項 操作科目，此時已接近日落，尚有幾個科目未完成，請問有關下列該玩家應注意事項， 何者正確？,該區域非為禁飛區，故該玩家於日落後仍可持續進行科目操作。,該玩家於日落前即應終止其飛航科目操作。,如果天氣良好即可於日落後持續進行飛航科目操作。,只要觀察四周無人，即可於日落後持續進行飛航科目操作。,B
第一章 民用航空法及相關法規,140,假設現有以下資訊：  1.日落時間為本地時間 18點46分。  2.民用暮光時間為 19點12 分。  3.航海暮光時間為 19點43分。  4.天文暮光時間為 20點16分。  請問無人機操作 人應於何時終止飛航活動？,18點46分。,19點12分。,19點43分。,20點16分。,A
第一章 民用航空法及相關法規,141,無人機團隊正評估釣客欲於近海海域使用無人機至離岸數公里處進行投放釣餌之操作需 求，請問下列哪項說明為該團隊最重要之考量因素？,無人機裝載釣餌前後之重量與重心變化是否於其操作限制內。,無人機之動力來源是否足以支撐該項投擲任務之完成。,涉及利用無人機投擲物體之限制操作項目，應申請活動許可並應 考取相關操作證。,釣客是否投保相關保險並願意簽署任務執行切結書。,C
第一章 民用航空法及相關法規,142,某雜誌社委託無人機團隊利用無人機執行一項具有相當危險性之飛航任務，負責人並保 證： 「於執行任務過程中若發生任何事件，導致人員死傷或財物毀損，均由雜誌社全權負 責，請團隊安心進行任務。」請問有關該負責人之保證，下列敘述何者正確？,雜誌社要能提供書面保證及繳交足額保證金，使得作為團隊免責之依據。,只要不是故意造成人員死傷或財物毀損，任一方均不須負賠償責任。,只要活動經申請核准執行，且已作有必要防護措施者，任一方均不須負賠償責任。,操作無人機造成人員死傷或財物毀損，不論故意或過失，應由 所有人及操作人負連 帶賠償責任。,D
第一章 民用航空法及相關法規,143,無人機團隊自行設計並組裝一架無人機，以因應越趨多元之任務型態，因某次任務時程 緊迫，團隊雖然知道該無人機尚未通過檢驗核可，仍決議先進行任務使用，等任務結束 後再趕緊完成檢驗程序。請問有關該團隊之決議，下列敘述何整正確？,只要於任務前先以口頭知會民航局，並於任務後儘快送檢即可。,只要於任務後以口頭知會民航局，並儘快送檢即可。,未經向民航局申請檢驗取得檢驗合格證者，不得從事飛航活動。,於任務前先以口頭知會民航局，並由民航局決定是否准予先執行任務，後續再完成 檢驗程序。,C
第一章 民用航空法及相關法規,144,某無人機團隊所有之一架無人機，於一次任務中因動力失效而墜落地面，機身經檢視受 損嚴重，並經評估恐難以再修復使用。請問團隊針對該無人機應有之後續處置作為，下 列敘述何者正確 ?,該無人機既已損毀，直接丟棄即可，惟應保留其註冊號碼及檢驗合格證。,再購買一架新無人機，並得直接使用原損壞無人機之註冊號碼，惟不能使用其檢驗 合格證。,再購買一架新無人機，並得直接使用原損壞無人機之檢驗合格證，惟不能使用其註 冊號碼。,所有人應於事實發生日起 15日內向民航局申請註銷註冊。其註冊號碼及檢驗合格證 均不得使用於其他無人機。,D
第一章 民用航空法及相關法規,145,某無人機團隊已獲得民航局安全能力審查核可，得於人群聚集處進行空拍任務。於某次 任務執行前，團隊依規定向民航局申請活動許可，惟對於是否應向當地地方政府申請一 事意見相左，請問下列敘述何者正確？,法律為民航局訂定的，當然只要向民航局申請即可。,一般而言，經民航局核准後，地方政府通常不會有意見，故不須再做申請。,除獲民航局許可外，仍應取得地方政府之同意，故還是得做申請。,是否要向地方政府申請，依執行任務之危險度或複雜度而定。,C
第一章 民用航空法及相關法規,146,有關操作人從事遙控無人機飛航活動時應注意之距離限制，下列何者為正確？,應至少距高速公路範圍 10公尺以上。,應至少距高架鐵路範圍 20公尺以上。,應至少距建築物及障礙物範圍 30公尺以上。,以上均正確。,C
第二章 基礎飛行原理,1,遙控無人機系統包含下列哪項主要次系統？,遙控無人機體。,遙控設備。,通訊及控制信號鏈路。,以上皆是。,D
第二章 基礎飛行原理,2,遙控無人機系統之飛行載具，包括下列哪些項目？,機體、負載設備及酬載。,機體、燃料或電池。,機體、燃料或電池、負載設備及酬載。,機體、燃料或電池、負載設備及酬載、遙控設備。,C
第二章 基礎飛行原理,3,遙控無人機系統之地面控制站的硬體設備，包括下列哪個項目？,訊號傳輸設備。,指令傳輸設備。,資訊接收分析設備。,以上皆是。,D
第二章 基礎飛行原理,4,遙控無人飛機起飛時，除跑道起飛外，還可運用下列哪項裝置？,火箭助推。,彈射軌道發射。,人力拋擲。,以上皆是。,D
第二章 基礎飛行原理,5,遙控無人飛機降落時，除跑道降落外，也可運用下列哪項方式？,攔截網。,纜線勾鎖。,降落傘。,以上皆是。,D
第二章 基礎飛行原理,6,遙控無人機許多層面都還是要由人員來掌握及操控，所以下列哪個因素在整體飛行過程 中佔了很重要的一部分？,人為因素。,運氣因素。,社會因素。,歷史因素。,A
第二章 基礎飛行原理,7,完整之飛控系統包括下列哪個部分？,感測器。,機載計算機。,伺服器。,以上皆是。,D
第二章 基礎飛行原理,8,完整之飛控系統可實現遙控無人機下列哪項功能？,姿態穩定和控制。,任務管理。,緊急控制模式。,以上皆是。,D
第二章 基礎飛行原理,9,下列哪個是飛行控制系統的輸入裝置，用以保持控制精度？,機載計算機。,感測器。,伺服器。,以上皆是。,B
第二章 基礎飛行原理,10,導航系統提供遙控無人機哪項資訊？,位置。,速度。,飛行姿態。,以上皆是。,D
第二章 基礎飛行原理,11,遙控無人機導航系統主要分為下列哪兩種？,非自主(如 GPS)和自主(慣性導航) 。,高精度和一般精度。,高抗干擾和低抗干擾。,全自動和半自動。,A
第二章 基礎飛行原理,12,遙控無人機非自主(如 GPS)導航系統有下列哪個缺點？,操作困難。,易受干擾。,誤差積累增大。,以上皆是。,B
第二章 基礎飛行原理,13,遙控無人機自主(慣性導航)導航系統有下列哪個缺點？,操作困難。,易受干擾。,誤差積累增大。,以上皆是。,C
第二章 基礎飛行原理,14,遙控無人機將朝向下列哪個方向繼續發展？,高精度。,高可靠度。,高抗干擾。,以上皆是。,D
第二章 基礎飛行原理,15,遙控無人機導航與自動避讓系統的發展，包括下列哪項重點？,慣性導航。,多感應器融合、 GPS。,光電系統技術整合。,以上皆是。,D
第二章 基礎飛行原理,16,遙控無人機的動力系統，都朝向下列哪個方向發展？,體積小、重量輕。,成本低。,可靠度高。,以上皆是。,D
第二章 基礎飛行原理,17,遙控無人機的能量來源可以包括下列哪項？,太陽能。,氫能。,鋰電池。,以上皆是。,D
第二章 基礎飛行原理,18,負責對遙控無人機之命令與控制、資料鏈路等工作的，是下列哪個系統？,動力系統。,無線通訊系統。,導航系統。,飛行控制系統。,B
第二章 基礎飛行原理,19,遙控無人機控制鏈路為保密與抗干擾基本上已全面採行下列哪種方式？,類比化。,模組化。,數位化。,離散化。,C
第二章 基礎飛行原理,20,遙控無人機的圖傳主要資料傳輸形態有下列哪幾種方式？,高速、寬頻。,類比、數位。,單工、衛星。,雙工、衛星。,B
第二章 基礎飛行原理,21,遙控無人機的通訊技術朝向下列哪個方向發展？,高速、寬頻。,保密。,抗干擾。,以上皆是。,D
第二章 基礎飛行原理,22,隨著機載感測器精度和任務複雜度的上升，機載處理器的下列哪項需求也將隨之提高？,運算需求。,保密需求。,抗干擾需求。,重量需求。,A
第二章 基礎飛行原理,23,所謂航空器，係指任何藉空氣之下列哪種力，得以飛航於大氣中之器物？,摩擦力。,靜電力。,反作用力。,以上皆是。,C
第二章 基礎飛行原理,24,遙控無人機比空氣重，無法只藉由空氣的浮力而上升，需要相對應的下列哪個項目在空 中飛行？,能量。,機身外表顏色。,起落架材質。,以上皆是。,A
第二章 基礎飛行原理,25,航空器利用噴射推力或是螺旋槳的拉力，使航空器產生下列哪種力而在空中飛行？,內力。,升力。,彈力。,以上皆是。,B
第二章 基礎飛行原理,26,飛行速度快、酬載大、飛行效率高，不需太複雜控制，就可自行抵抗氣流而自行保持穩 定的飛行的遙控無人機，是下列哪種遙控無人機？,遙控無人直昇機。,遙控無人飛機。,遙控無人多旋翼機。,以上皆是。,B
第二章 基礎飛行原理,27,遙控無人飛機缺點是需要有下列哪個項目供起降之用？,相當的跑道高度。,相當的跑道溫度。,相當的跑道長度。,以上皆是。,C
第二章 基礎飛行原理,28,透過旋翼槳葉產生升力，同時也能產生推力的遙控無人機，是下列哪種遙控無人機？,遙控無人直昇機。,遙控無人飛機。,遙控無人多旋翼機。,以上皆是。,A
第二章 基礎飛行原理,29,無人直昇機可以執行下列哪個動作？,自由調整姿態。,定點盤旋。,起飛與落地。,以上皆是。,D
第二章 基礎飛行原理,30,透過三個以上垂直旋翼間協調來控制姿態，同樣不需跑道，可垂直起降、空中懸停等的 遙控無人機，是下列哪種遙控無人機？,無人多旋翼機。,無人直昇機。,無人飛機。,以上皆是。,A
第二章 基礎飛行原理,31,操作人只要在遙控設備上施加桿力，就可改變遙控無人機的下列哪些性能？,重量或重心。,外形或顏色。,方向或速度。,翼展與翼弦。,C
第二章 基礎飛行原理,32,若無人飛機在地面上靜止，依牛頓運動定律，下列哪個特性會使得飛機保持靜止？,慣性。,磁性。,氣壓。,空氣濕度。,A
第二章 基礎飛行原理,33,若無人飛機保持固定的空速以直線行進，依牛頓運動定律，下列哪個特性會使得飛機持 續保持穩定的直線飛行？,磁性。,氣壓。,慣性。,空氣濕度。,C
第二章 基礎飛行原理,34,無人飛機於頂風飛行時，地面速度就會有下列哪種變化？,變快。,不變。,變慢。,以上皆非。,C
第二章 基礎飛行原理,35,若風從無人飛機前方的任一方向吹來，倘若飛行員沒有隨之修正，那下列哪個特性就會 受到風所施加的力而改變？,重量。,重心。,航向。,推力。,C
第二章 基礎飛行原理,36,噴射機將燃燒的熱氣體往後推送以施加作用力，相對的有相等且相反的下列哪種力，將 飛機往前推進？,反作用力。,摩擦力。,靜電力。,磁力。,A
第二章 基礎飛行原理,37,遙控無人機在空中飛行時，會受到下列哪些力相互作用的影響？,升力、推力。,推力、阻力。,阻力、重力。,以上皆是。,D
第二章 基礎飛行原理,38,無人飛機推力由下列哪個組件提供？,發動機。,起落架。,機翼。,機身。,A
第二章 基礎飛行原理,39,無人飛機阻力由下列哪個項目產生？,地心引力。,重心。,空氣。,發動機。,C
第二章 基礎飛行原理,40,無人飛機升力由下列哪個項目提供？,起落架。,機翼。,重心。,地心引力。,B
第二章 基礎飛行原理,41,重力由下列哪個項目產生？,空氣。,地心引力。,發動機。,機翼。,B
第二章 基礎飛行原理,42,飛機等速直線飛行時，縱軸 (X軸)方向阻力與推力大小相同方向相反，所以有下列哪種 情況？,橫軸 (Y軸)方向合力為零，飛機無升降起伏。,垂直軸 (Z軸)方向合力為零，飛機無偏航的姿態。,縱軸 (X軸)方向合力為零，飛機速度不變。,以上皆是。,C
第二章 基礎飛行原理,43,飛機高度保持時，垂直軸 (Z軸)方向升力與重力大小相同方向相反，所以有下列哪種情 況？,橫軸 (Y軸)方向合力為零，飛機無偏航的姿態。,垂直軸 (Z軸)方向合力為零，飛機無升降起伏。,縱軸 (X軸)方向合力為零，飛機速度不變。,以上皆是。,B
第二章 基礎飛行原理,44,連續性定理闡述了流體在流動中，下列哪些項目之間的關係？,流速和管道切面。,流速和溫度。,管道切面和溫度。,溫度和壓力。,A
第二章 基礎飛行原理,45,連續性定理闡述了流體在流動中，流速和管道切面相關，而且下列哪些項目也相關？,流速和壓力。,流速和溫度。,管道切面和溫度。,溫度和壓力。,A
第二章 基礎飛行原理,46,柏努利定律說明流體在一個管道中流動時，有下列哪種現象？,流速大的地方壓力大， 流速小的地方壓力小。,流速大的地方壓力大，流速小的地方壓力也大。,流速大的地方壓力小，流速小的地方壓力大。,流速大的地方壓力小，流速小的地方壓力也小。,C
第二章 基礎飛行原理,47,柏努利定律目的是要闡述流體在流動中時，下列哪些項目間的關係？,流速和溫度。,流速和壓力。,溫度和壓力。,以上皆非。,B
第二章 基礎飛行原理,48,柏努利定律中提到，如果流體的速度越快，流體中的壓力就會有下列哪種現象？,越小。,越大。,不變。,有時越小有時越大。,A
第二章 基礎飛行原理,49,遙控無人機的機翼或旋翼是下列哪種外力 主要產生的地方？,阻力。,升力。,推力。,重力。,B
第二章 基礎飛行原理,50,基於連續性定理、柏努利定律兩個理論，我們可以知道機翼上、下表面會出現下列哪種 現象？,溫度差。,壓力差。,濕度差。,比熱差。,B
第二章 基礎飛行原理,51,垂直於相對氣流方向的壓力差之總和就是下列哪種外力？,槳葉本身的攻角設計。,空氣的阻力。,機翼的升力。,地心引力。,C
第二章 基礎飛行原理,52,螺旋槳產生的推力是藉由下列哪個項目而成？,槳葉本身的攻角設計。,螺旋槳轉速。,以上皆是。,以上皆非。,C
第二章 基礎飛行原理,53,螺旋槳轉速通常以下列哪個項目來表示？,每秒徑度( rad/s)。,每分鐘轉數( RPM)。,赫茲  (Hz)。,每分鐘徑度( rad/min)。,B
第二章 基礎飛行原理,54,一般螺旋槳攻角最大的位置在槳葉的下列哪個位置？,槳葉根部。,槳葉葉尖。,槳葉中尖。,以上皆是。,A
第二章 基礎飛行原理,55,飛機螺旋槳在原廠設計時，為了設計出高效率的槳葉角度，係依據發動機及飛機的下列 哪些特性做為基礎？,銷量和價格。,耗油量和扭力。,壓縮比和衝程。,轉速和空速。,D
第二章 基礎飛行原理,56,航空器於飛行中，在空氣裡會有下列哪種外力？,各種彈力。,各種阻力。,各種磁力。,各種正向力。,B
第二章 基礎飛行原理,57,某外力係與飛機運動方向相反的空氣動力，會阻礙飛機的前進，它是下列哪種外力？,阻力。,升力。,重力。,推力。,A
第二章 基礎飛行原理,58,寄生阻力可分為下列哪幾種？,摩擦阻力。,形狀阻力。,干擾阻力。,以上皆是。,D
第二章 基礎飛行原理,59,對於高速遙控無人機而言，除了摩擦阻力、形狀阻力、誘導阻力和干擾阻力外，還會另 外產生下列哪種阻力？,震波阻力。,布斯曼阻力。,達倫伯特阻力。,雷諾阻力。,A
第二章 基礎飛行原理,60,下列哪個項目是空氣產生摩擦力的主要物理特性？,粘性。,低汙染。,PM2.5。,高揮發性。,A
第二章 基礎飛行原理,61,空氣流經飛機表面發生摩擦，產生一個阻止飛機前進的力，這個力就是下列哪種阻力？,形狀阻力。,誘導阻力。,摩擦阻力。,干擾阻力。,C
第二章 基礎飛行原理,62,摩擦阻力的大小，決定於下列哪個特性？,空氣的粘性。,飛機的表面狀況。,同空氣相接觸的飛機表面積。,以上皆是。,D
第二章 基礎飛行原理,63,空氣粘性越大，摩擦阻力就會有下列哪種變化？,越小。,越大。,不變。,以上皆非。,B
第二章 基礎飛行原理,64,飛機表面越粗糙，摩擦阻力就會有下列哪種變化？,越小。,不變。,越大。,以上皆非。,C
第二章 基礎飛行原理,65,飛機表面積越大，摩擦阻力就會有下列哪種變化？,越大。,越小。,不變。,以上皆非。,A
第二章 基礎飛行原理,66,由前後壓力差形成的阻力叫下列哪種阻力？,摩擦阻力。,形狀阻力。,誘導阻力。,干擾阻力。,B
第二章 基礎飛行原理,67,人在逆風中行走，會感到阻力的作用，這就是下列哪種阻力？,摩擦阻力。,誘導阻力。,形狀阻力。,干擾阻力。,C
第二章 基礎飛行原理,68,遙控無人飛機的機身與尾翼接合部分因氣流相互干擾，都會產生下列哪種阻力？,摩擦阻力。,形狀阻力。,誘導阻力。,干擾阻力。,D
第二章 基礎飛行原理,69,因升力產生渦流而發生的阻力稱為下列哪種阻力？,摩擦阻力。,誘導阻力。,形狀阻力。,干擾阻力。,B
第二章 基礎飛行原理,70,誘導阻力是遙控無人機為產生下列哪種外力而須付出的一種代價？,磁力。,推力。,升力。,重力。,C
第二章 基礎飛行原理,71,干擾阻力是遙控無人機各部分之間因下列哪種因素而產生的一種額外阻力？,氣流相互干擾。,熱流相互作用。,濕度相互作用。,磁力相互作用。,A
第二章 基礎飛行原理,72,干擾阻力容易產生在下列哪些組件之間？,機身和機翼、機身和尾翼。,機翼和外掛載。,機翼、發動機短艙。,以上皆是。,D
第二章 基礎飛行原理,73,重力是航空器本身之質量所受的下列哪種外力？,磁力。,地心引力。,摩擦力。,靜電力。,B
第二章 基礎飛行原理,74,過重的重力對飛行有負面影響，故無人機機身的設計都是採用下列哪種材質？,較輕。,較重。,時重時輕。,以上皆非。,A
第二章 基礎飛行原理,75,升力和阻力是飛機在空氣之間的下列哪種行為中產生？,分子光譜。,動量守恆。,相對運動  (相對氣流) 。,雷諾傳輸。,C
第二章 基礎飛行原理,76,影響升力和阻力的基本因素除了飛機本身的特點，還有下列哪個因素？,機翼在氣流中的相對位置(攻角) 。,氣流的速度。,空氣密度。,以上皆是。,D
第二章 基礎飛行原理,77,相對氣流方向與翼弦所夾的角度叫下列哪個角？,俯仰角。,滾轉角。,攻角。,偏航角。,C
第二章 基礎飛行原理,78,在飛行速度等其它條件相同的情況下，得到最大升力的攻角，叫做下列哪個項目？,理想攻角。,臨界攻角。,牛頓攻角。,萊布尼茲攻角。,B
第二章 基礎飛行原理,79,在小於臨界攻角範圍內增大攻角，會有下列哪種結果？,升力增大。,升力減少。,升力不變。,以上皆非。,A
第二章 基礎飛行原理,80,空氣密度大，相對氣流速度快，升力和阻力會有下列哪種變化？,升力越大、阻力越小。,升力越小、阻力越大。,升力和阻力越大。,升力和阻力越小。,C
第二章 基礎飛行原理,81,機翼面積大，升力和阻力會有下列哪種變化？,升力越大、阻力越小。,升力越小、阻力越大。,升力和阻力越小。,升力和阻力越大。,D
第二章 基礎飛行原理,82,升力和阻力與機翼面積大小的關係是下列哪種？,都與機翼面積大小成正比。,都與機翼面積大小成反比。,都與機翼面積大小的平方成正比。,都與機翼面積大小的平方成反比。,A
第二章 基礎飛行原理,83,機翼形狀對下列哪個項目有很大影響？,磁力。,升力、阻力。,重力。,以上皆是。,B
第二章 基礎飛行原理,84,下列哪個項目對升力、阻力有影響？,機翼切面形狀的相對厚度、最大厚度位置。,機翼平面形狀、襟翼和前緣翼縫的位置。,機翼表面光滑狀況。,以上皆是。,D
第二章 基礎飛行原理,85,遙控無人機表面光滑狀況會影響下列哪種阻力？,形狀阻力。,誘導阻力。,摩擦阻力。,干擾阻力。,C
第二章 基礎飛行原理,86,遙控無人機表面相對光滑，則阻力為下列哪種變化？,相對較小。,相對較大。,時大時小。,以上皆非。,A
第二章 基礎飛行原理,87,大多數遙控無人機都由下列哪個主要部分組成？,機翼、機身、尾翼。,起降裝置。,動力系統。,以上皆是。,D
第二章 基礎飛行原理,88,無人飛機機翼的主要功用是產生下列哪種外力？,阻力。,升力。,推力。,重力。,B
第二章 基礎飛行原理,89,無人飛機機翼除提供升力外，也有下列哪些作用？,美觀和舒適。,潤滑和保濕。,穩定和操作。,觀測和定位。,C
第二章 基礎飛行原理,90,在無人飛機機翼上一般安裝下列哪個物件？,光學酬載。,副翼和襟翼。,通訊設備。,導航設備。,B
第二章 基礎飛行原理,91,操縱無人飛機副翼可使飛機產生下列哪種結果？,滾轉。,爬升。,下降。,偏航。,A
第二章 基礎飛行原理,92,無人飛機機翼還可安裝下列哪個物件？,發動機。,起落架。,外掛載。,以上皆是。,D
第二章 基礎飛行原理,93,無人飛機機身的主要功用是裝載下列哪個物件？,油箱。,酬載。,各種設備。,以上皆是。,D
第二章 基礎飛行原理,94,無人飛機尾翼包括下列哪些物件？,大尾翼和小尾翼。,高速尾翼和低速尾翼。,水平尾翼和垂直尾翼。,旋轉尾翼和固定尾翼。,C
第二章 基礎飛行原理,95,無人飛機水平尾翼包括下列哪些物件？,固定的升降舵和可動的水平安定面。,固定的水平安定面和可動的升降舵。,固定的升降舵和水平安定面。,可動的升降舵和水平安定面。,B
第二章 基礎飛行原理,96,無人飛機垂直尾翼包括下列哪些物件？,固定的方向舵和可動的垂直安定面。,固定的垂直安定面和可動的方向舵。,固定的方向舵和垂直安定面。,可動的方向舵和垂直安定面。,B
第二章 基礎飛行原理,97,無人飛機的起落架大都由下列哪些物件組成？,減震支柱和機輪。,蒙皮和鉚釘。,坡頂桁架和平行弦桁架。,拉力元件和扭力元件。,A
第二章 基礎飛行原理,98,起落架的作用是在下列哪個時機支撐無人飛機 ?,起飛時。,著陸滑跑時。,地面滑行和停放時。,以上皆是。,D
第二章 基礎飛行原理,99,動力系統主要用來產生使遙控無人機前進的下列哪些力？,重力與升力。,重力與阻力。,拉力和推力。,升力與阻力。,C
第二章 基礎飛行原理,100,無人飛機常見的動力系統有下列哪個項目？,航空活塞式發動機加螺旋槳推進器。,渦輪噴氣發動機。,渦輪螺旋槳發動機和渦輪扇或導風扇發動機。,以上皆是。,D
第二章 基礎飛行原理,101,無人飛機上通常不會安裝下列哪種設備？,飛行儀表。,通訊設備、導航設備。,安全設備。,以上皆是。,A
第二章 基礎飛行原理,102,操作人操作油門和操縱桿，控制無人機的操縱面，來達到所想要的下列哪個目的？,飛行姿態。,發動機溫度。,環境濕度。,酬載功能。,A
第二章 基礎飛行原理,103,想像為一條由前往後穿過航空器的軸，稱之為下列哪個軸？,航空器縱軸( X軸) 。,航空器橫軸( Y軸) 。,航空器垂直軸( Z軸) 。,以上皆非。,A
第二章 基礎飛行原理,104,除了副翼，航空器的下列哪個組件對於航空器的滾轉也會有影響？,升降舵。,襟翼。,方向舵。,小翼。,C
第二章 基礎飛行原理,105,想像為一條上下兩面垂直地穿過航空器的軸，稱之為下列哪個軸？,航空器垂直軸( Z軸) 。,航空器縱軸( X軸) 。,航空器橫軸( Y軸) 。,以上皆非。,A
第二章 基礎飛行原理,106,關於遙控無人機的的操作原理，我們首要了解遙控無人飛機的下列哪種特性？,平衡性。,穩定性。,操縱性。,以上皆是。,D
第二章 基礎飛行原理,107,遙控無人機處於平衡狀態時，是表示下列哪種狀況？,其速度的大小和方向都保持不變。,其發動機的轉速和馬力都保持不變。,其所有翼面的角度和方向都保持不變。,其酬載的方向和功能都保持不變。,A
第二章 基礎飛行原理,108,遙控無人機穩定性的強弱，一般由下列哪個現象來衡量？,擺動衰減時間。,擺動幅度。,擺動次數。,以上皆是。,D
第二章 基礎飛行原理,109,遙控無人機的穩定性強，表示下列哪個現象？,擺動衰減時間短。,擺動幅度小。,擺動次數少。,以上皆是。,D
第二章 基礎飛行原理,110,遙控無人機穩定性的強弱，主要取決於遙控無人機的下列哪個特性？,重心位置。,飛行速度和高度。,攻角的變化。,以上皆是。,D
第二章 基礎飛行原理,111,遙控無人機在操作人操縱升降舵、方向舵和副翼下改變其飛行狀態的俯仰、方向和橫向 之特性，是指遙控無人機的下列哪種特性？,操縱性。,平衡性。,穩定性。,以上皆非。,A
第二章 基礎飛行原理,112,遙控無人機操縱性好，表示下列哪個現象？,操縱動作簡單。,操縱省力。,操縱反應快。,以上皆是。,D
第二章 基礎飛行原理,113,遙控無人機操作有哪四大基本動作？,平直飛行、側滑、爬升、下降。,平直飛行、轉彎、爬升、倒飛。,平直飛行、轉彎、爬升、下降。,平直飛行、側滑、懸停、倒飛。,C
第二章 基礎飛行原理,114,操作遙控無人飛機時，當副翼控制右上左下，機體相對於「機體中心」作下列哪種動 作？,向上俯仰。,右偏航。,右滾。,左滾。,C
第二章 基礎飛行原理,115,操作遙控無人飛機時，當副翼控制右下左上，機體相對於「機體中心」作下列哪種動 作？,向上俯仰。,右偏航。,左滾。,右滾。,C
第二章 基礎飛行原理,116,操作遙控無人飛機時，當方向舵控制往右，機體相對於「機體中心」作下列哪種動作？,向上俯仰。,右偏航。,左偏航。,右滾。,B
第二章 基礎飛行原理,117,操作遙控無人飛機時，當方向舵控制往左，機體相對於「機體中心」作下列哪種動作？,右滾。,左偏航。,右偏航。,左滾。,B
第二章 基礎飛行原理,118,控制遙控無人機時，操作人應以相對於下列哪個項目來思考「上」 、 「下」 、 「左」 、 「右」？,機體中心。,地平面。,操作人自己的虛擬座標。,以上皆是。,A
第二章 基礎飛行原理,119,無人直昇機，其主旋翼在旋轉時主要產生下列哪種力？,向上的升力。,向下的升力。,向前的升力。,向後的升力。,A
第二章 基礎飛行原理,120,無人直昇機主旋翼產生升力的原理，類似於下列哪個原理？,無人飛機機翼產生升力的原理。,螺旋槳產生推力的原理。,以上皆是。,以上皆非。,C
第二章 基礎飛行原理,121,若無人直昇機主旋翼的旋轉面保持在水平位置，則所產生的力是下列哪個方向？,垂直向下。,垂直向上。,傾斜向下。,傾斜向上。,B
第二章 基礎飛行原理,122,無人直昇機利用主旋翼產生升力的原理執行下列哪些動作？,起飛離地。,爬升。,懸停。,以上皆是。,D
第二章 基礎飛行原理,123,如果升力與推力大於重力與阻力，遙控無人機的運動方向是下列哪個方向？,垂直向上。,垂直向下。,傾斜向上。,傾斜向下。,A
第二章 基礎飛行原理,124,無人直昇機主旋翼的槳葉片的俯仰角愈大，就會有下列哪種情形？,升力愈大，扭力愈小。,升力愈大，扭力也愈大。,升力愈小，也扭力愈小。,升力愈小，扭力愈大。,B
第二章 基礎飛行原理,125,無人直昇機的尾旋翼主要功能為何？,抵消升力，控制機頭方向。,抵消阻力，控制機頭方向。,抵消扭力，控制機頭方向。,抵消重力，控制機頭方向。,C
第二章 基礎飛行原理,126,無人直昇機有下列哪些基本飛行動作？,平直飛行。,轉彎。,爬升及下降。,以上皆是。,D
第二章 基礎飛行原理,127,無人直昇機「垂直起飛到懸停」 ，係指垂直飛離地面約 2~3呎，並保持下列哪種狀態？,航向不變。,向左的傾斜狀態。,向右的傾斜狀態。,主旋翼轉速不變。,A
第二章 基礎飛行原理,128,無人直昇機「懸停轉彎」 ，係指在懸停高度執行機鼻向左轉或向右轉，並保持下列哪種狀 態不變？,相對於其他遙控無人直昇機的位置。,相對於地面的位置。,相對於最低雲層的位置。,以上皆是。,B
第二章 基礎飛行原理,129,無人直昇機「懸停轉彎」 ，係指保持不變的下列哪種狀態？,高度。,轉彎率。,轉速。,以上皆是。,D
第二章 基礎飛行原理,130,無人直昇機向前移動到另一特定位置，稱之為無人直昇機的下列哪種動作？,懸停。,側向懸停飛行。,向前懸停飛行。,向後懸停飛行。,C
第二章 基礎飛行原理,131,無人直昇機「向前懸停飛行」 ，係指保持不變的下列哪種狀態？,地面速度。,高度。,航向。,以上皆是。,D
第二章 基礎飛行原理,132,當必須移動無人直昇機到另一特定位置，但當時狀況不可能執行向前飛行時，就要使用 下列哪種動作？,側向懸停飛行或向後懸停飛行。,懸停轉彎。,平直飛行。,懸停。,A
第二章 基礎飛行原理,133,無人直昇機「側向懸停飛行」 ，係指保持不變的下列哪種狀態？,地面速度。,高度。,航向。,以上皆是。,D
第二章 基礎飛行原理,134,當必須移動無人直昇機到另一特定位置，但當時狀況不可能執行向前或側向懸停飛行 時，就要使用下列哪種動作？,平直飛行。,向後懸停飛行。,懸停轉彎。,傾斜轉彎。,B
第二章 基礎飛行原理,135,無人直昇機「向後懸停飛行」 ，係指保持不變的下列哪種狀態？,地面速度。,高度。,航向。,以上皆是。,D
第二章 基礎飛行原理,136,無人直昇機「平直飛行」 ，係指保持下列哪種狀態？,高度不變和航向不變。,高度不變和地面速度不變。,地面速度不變和航向不變。,主旋翼轉速不變和航向不變。,A
第二章 基礎飛行原理,137,無人直昇機「傾斜轉彎」 ，係指保持在向左或向右的傾斜狀態，保持下列哪種狀態之飛 行？,高度不變和航向不變。,高度改變，但航向不變。,高度不變，但航向改變。,高度改變和航向改變。,C
第二章 基礎飛行原理,138,無人直昇機「偏航」 ，係指利用尾旋翼推力執行下列哪種操縱？,改變高度。,改變航向。,改變地面速度。,改變升力。,B
第二章 基礎飛行原理,139,無人多旋翼機可以下列哪種方式來做區分？,旋翼數量。,旋翼分布位置。,旋翼是否能夠傾斜。,以上皆可。,D
第二章 基礎飛行原理,140,無人多旋翼機能夠垂直且穩定的執行下列哪種動作？,滾轉及水平平移。,升降及偏航。,偏航及水平平移。,俯仰及水平平移。,B
第二章 基礎飛行原理,141,無人多旋翼機具備優秀的下列哪種能力是一般無人飛機望塵莫及的？,垂直起降能力。,定點懸停能力。,穩定升降及偏航。,以上皆是。,D
第二章 基礎飛行原理,142,無人多旋翼機的下列哪種旋翼設計使得操控簡單且直接？,參差配置的。,對稱的。,不對稱的。,偏一邊的。,B
第二章 基礎飛行原理,143,定距槳無人多旋翼機與無人直昇機相比，在下列哪個方面有很大提升？,機械設計結構。,控制難度。,姿態平穩。,以上皆是。,D
第二章 基礎飛行原理,144,無人多旋翼機對飛行的影響是下列哪項？,沒有影響。,變得複雜。,變得簡單。,有時變得複雜，有時變得簡單。,C
第二章 基礎飛行原理,145,無人多旋翼機同時增加或減少每個旋翼的升力，來實現下列哪種飛行狀態？,垂直的升降姿態。,俯仰的姿態。,偏航的姿態。,滾轉的姿態。,A
第二章 基礎飛行原理,146,同時影響遙控無人機飛行性能與飛航安全的重要因素是下列哪些項目？,機體大小。,電池容量。,重量和重心位置。,以上皆是。,C
第二章 基礎飛行原理,147,操作人在飛行前應確認下列何者在合理範圍內？,重量。,重心。,酬載。,以上皆是。,D
第二章 基礎飛行原理,148,遙控無人機操作人在飛行前應詳細考量在下列哪種情況下可能降低飛行性能的載重因 素？,高海拔。,高溫。,高濕度。,以上皆是。,D
第二章 基礎飛行原理,149,遙控無人機重力的著力點稱為下列哪個項目？,形心。,氣動力中心。,重心。,升力中心。,C
第二章 基礎飛行原理,150,遙控無人機的下列哪個項目與穩定性有很大的關聯？,外觀。,重心。,大小。,顏色。,B
第二章 基礎飛行原理,151,當遙控無人機重心位置超出允許範圍時，可能導致遙控無人機發生下列哪種情形？,無法穩定起飛。,無法穩定落地。,失速。,以上皆是。,D
第二章 基礎飛行原理,152,遙控無人機飛行時，為產生各種姿態，作用於機身上的力為下列哪種情形？,升力通常較重量為大。,升力通常較重量為小。,有時升力較大，有時重量較大。,以上皆非。,A
第二章 基礎飛行原理,153,遙控無人機的轉彎率因不同的速度而隨之不同，這是為了要抵銷所增加的下列哪種力， 以保持負載係數不變？,向心力。,離心力。,正向力。,扭力。,B
第二章 基礎飛行原理,154,遙控無人機轉彎時，需執行下列哪個動作以補償升力的不足？,增加正向力。,增加攻角。,增加扭力。,增加離心力。,B
第二章 基礎飛行原理,155,無人飛機重心位置靠前時，為維持遙控無人機的俯仰平衡，需要尾翼提供下列哪種力？,更大的向前的推力。,更大的向上的升力。,更大的向下的升力。,更大的向外的離心力。,C
第二章 基礎飛行原理,156,遙控無人機重心位置靠前時，機頭較為沉重，起飛離地時有下列哪種情形？,較為困難。,較為容易。,有時容易有時困難。,以上皆非。,A
第二章 基礎飛行原理,157,無人飛機重心位置靠前時，會有下列哪種情形？,減少誘導阻力。,增大誘導阻力。,誘導阻力不變。,以上皆非。,B
第二章 基礎飛行原理,158,無人飛機重心位置靠前時，會有下列哪種情形？,油耗增加。,航程距離降低。,以上皆是。,以上皆非。,C
第二章 基礎飛行原理,159,無人飛機重心位置靠前時，提高了下列哪種風險？,不穩定進場的風險。,穩定進場的風險。,非精確進場的風險。,精確進場的風險。,A
第二章 基礎飛行原理,160,無人飛機重心後移時，由於機頭較輕，可能會使得起飛時發生下列哪種情形？,偏離跑道。,左右搖擺。,提前仰轉。,延後離地。,C
第二章 基礎飛行原理,161,無人飛機重心後移時，起飛爬升時可能會因仰角過大，而造成下列哪種情形？,起飛速度增加。,起飛重量降低。,失速與機尾擦地。,以上皆是。,C
第二章 基礎飛行原理,162,無人飛機重心後移時，配平及總阻力減小，也進而導致下列哪種情形？,油耗減少。,續航能力增加。,失速速度減小。,以上皆是。,D
第二章 基礎飛行原理,163,無人直昇機重心太靠後，會影響下列哪種性能？,高速前飛性能及穩定。,從地面到正常起飛。,平直飛行。,以上皆是。,A
第二章 基礎飛行原理,164,無人多旋翼機重心移動可能造成下列哪種結果？,升力增加。,操控較為困難。,阻力減少。,以上皆是。,B
第二章 基礎飛行原理,165,遙控無人機重量增加可能對起飛速度造成下列哪種結果？,降低起飛速度。,起飛速度不變。,提高起飛速度。,以上皆非。,C
第二章 基礎飛行原理,166,遙控無人機重量增加可能對滑行距離造成下列哪種結果？,縮短起飛滑行距離。,加長起飛滑行距離。,起飛滑行距離不變。,以上皆非。,B
第二章 基礎飛行原理,167,遙控無人機重量增加可能對爬升率及爬升角造成下列哪種結果？,降低爬升率和爬升角度。,增加爬升率和爬升角度。,爬升率和爬升角度不變。,以上皆非。,A
第二章 基礎飛行原理,168,遙控無人機重量增加可能對飛航最高高度造成下列哪種結果？,降低飛航最高高度。,增加飛航最高高度。,飛航最高高度不變。,以上皆非。,A
第二章 基礎飛行原理,169,遙控無人機重量增加可能對操作性能造成下列哪種結果？,操作性能不變。,增加操作性能。,降低操作性能。,以上皆非。,C
第二章 基礎飛行原理,170,遙控無人機重量增加可能對進場及降落速度造成下列哪種結果？,降低進場和降落速度。,提高進場和降落速度。,進場和降落速度不變。,以上皆非。,B
第二章 基礎飛行原理,171,遙控無人機重量增加可能對降落滾行距離造成下列哪種結果？,加長降落滾行距離。,縮短降落滾行距離。,降落滾行距離不變。,以上皆非。,A
第二章 基礎飛行原理,172,為確保飛行安全，操作人須審慎確認遙控無人機的下列哪個特性？,外觀。,重量與載重平衡。,價格。,以上皆是。,B
第二章 基礎飛行原理,173,低速、低空的中型無人機的動力裝置，使用下列哪種發動機？,往復式(活塞)發動機。,無刷電動馬達。,渦輪螺旋槳發動機。,渦輪發動機。,A
第二章 基礎飛行原理,174,使用於高速無人機上，推重比高但壽命短的動力裝置是下列哪種發動機？,渦輪發動機。,無刷電動馬達。,渦輪螺旋槳發動機。,往復式(活塞)發動機。,A
第二章 基礎飛行原理,175,高空或長滯空的大型無人機的動力裝置，使用下列哪種發動機？,渦輪發動機。,無刷電動馬達。,渦輪風扇或渦輪螺旋槳發動機。,往復式(活塞)發動機。,C
第二章 基礎飛行原理,176,娛樂 /運動級航空模型或小型無人機的動力裝置，一般使用下列哪種發動機？,渦輪發動機。,無刷電動馬達。,渦輪風扇或渦輪螺旋槳發動機。,往復式(活塞)發動機。,B
第二章 基礎飛行原理,177,隨著渦輪發動機推重比、壽命不斷提高、油耗降低，未來渦輪發動機可能取代下列哪種 發動機成為 25公斤至 150公斤級的無人機之主要動力？,無刷電動馬達。,渦輪風扇發動機。,渦輪螺旋槳發動機。,活塞發動機。,D
第二章 基礎飛行原理,178,一般遙控無人機目前多以下列哪些頻段進行控制與圖傳？,300MHz 或500MHz。,500MHz 或600MHz。,2.4GHz或5.8GHz。,100GHz或220GHz。,C
第二章 基礎飛行原理,179,頻段 2.4GHz主要為下列哪種鏈路實現對遙控無人機控制？,下行鏈路。,上行控制鏈路。,加密鏈路。,以上皆是。,B
第二章 基礎飛行原理,180,頻段 5.8GHz主要為下列哪種鏈路執行圖像或數據傳輸等遙測功能？,下行鏈路。,上行控制鏈路。,加密鏈路。,以上皆是。,A
第二章 基礎飛行原理,181,若無外力的影響，靜止的物體會保持靜止，行進的物體會保持直線運動，這就是下列哪 個定律？,牛頓第二定律又稱「加速度定律」 。,牛頓第三定律。,牛頓第一定律又稱「慣性定律」 。,以上皆非。,C
第二章 基礎飛行原理,182,當物體受到所施加的力等於每次的動量變化，這就是下列哪個定律？,牛頓第一定律又稱「慣性定律」 。,牛頓第二定律又稱「加速度定律」 。,牛頓第三定律。,以上皆非。,B
第二章 基礎飛行原理,183,牛頓第二定律說明加速度與物體的質量為下列哪種關係？,成反比。,成正比。,沒有關係。,以上皆非。,A
第二章 基礎飛行原理,184,牛頓第二定律說明加速度與所施加的力為下列哪種關係？,成反比。,成正比。,沒有關係。,以上皆非。,B
第二章 基礎飛行原理,185,對於每一個作用力，都有一個相等且相反的反作用力，這就是下列哪個定律？,牛頓第一定律又稱「慣性定律」 。,牛頓第三定律。,牛頓第二定律又稱「加速度定律」 。,以上皆非。,B
第二章 基礎飛行原理,186,下列哪些理論可以說明一個重於空氣的航空器如何產生升力飛行於空中？,流體的連續性和柏努利定律。,氣候學和大氣化學。,大氣動力學和大氣物理學。,材料力學和運動學。,A
第二章 基礎飛行原理,187,流體的連續性說明在同一時間內，流進任一切面和從另一切面流出的下列哪個項目是相 等的？,流體溫度。,流體壓力。,流體質量。,流體速度。,C
第二章 基礎飛行原理,188,由螺旋槳所產生的拉力或噴射發動機所產生的推力，使航空器前進飛行，是依據下列哪 個定律？,牛頓第三定律。,牛頓第一定律。,牛頓第二定律。,以上皆是。,A
第二章 基礎飛行原理,189,若螺旋槳整片槳葉的攻角都一樣，將使得槳葉的效率有下列哪種變化？,變得很好。,保持不變。,變得很差。,機時好時差。,C
第二章 基礎飛行原理,190,超過臨界攻角後，再增大攻角，會有下列哪種結果？,升力反而減小，阻力急劇增大。,升力持續增大，阻力急劇減小。,升力、阻力持續增大。,升力、阻力急劇減小。,A
第二章 基礎飛行原理,191,升力和阻力兩者與飛行速度的關係是下列哪種？,均與飛行速度成正比。,均與飛行速度成反比。,均與飛行速度的平方成正比。,均與飛行速度的平方成反比。,C
第二章 基礎飛行原理,192,放下遙控無人飛機襟翼可產生下列哪種結果？,使升力增大。,使升力減少。,使升力不變。,以上皆非。,A
第二章 基礎飛行原理,193,尾翼的作用是操縱無人飛機的下列哪些動作？,俯仰和滾轉。,滾轉和偏航。,俯仰和偏航。,以上皆非。,C
第二章 基礎飛行原理,194,航空器主要係利用副翼改變下列哪種姿態？,俯仰。,左右滾轉。,偏航。,以上皆是。,B
第二章 基礎飛行原理,195,想像為一條左右兩側穿過航空器的軸，稱之為下列哪個軸？,航空器縱軸( X軸) 。,航空器垂直軸( Z軸) 。,航空器橫軸( Y軸) 。,以上皆非。,C
第二章 基礎飛行原理,196,航空器利用升降舵改變下列哪種姿態？,左右滾轉。,俯仰。,偏航。,以上皆非。,B
第二章 基礎飛行原理,197,航空器利用方向舵改變下列哪種姿態？,俯仰。,偏航。,左右滾轉。,以上皆非。,B
第二章 基礎飛行原理,198,作用於遙控無人機的各外力之和、各力矩之和都為零，是指遙控無人機的下列哪種特 性？,穩定性。,操縱性。,平衡性。,以上皆非。,C
第二章 基礎飛行原理,199,當遙控無人機受到微小擾動而偏離原來的平衡狀態時，在擾動消失後，不經操作人操 縱，自動恢復原來平衡狀態的特性，是指遙控無人機的下列哪種特性？,平衡性。,穩定性。,操縱性。,以上皆非。,B
第二章 基礎飛行原理,200,操作無人飛機時，當升降舵控制往上，相對於「機體中心」作下列哪種動作？,向下俯仰。,向上俯仰。,右滾。,左滾。,B
第二章 基礎飛行原理,201,操作無人飛機時，當升降舵控制往下，飛機相對於「機體中心」作下列哪種動作？,向下俯仰。,向上俯仰。,右滾。,左滾。,A
第二章 基礎飛行原理,202,當無人直昇機的發動機讓主旋翼以逆時針方向旋轉時，無人直昇機本身將以下列哪個方 向旋轉？,以順時針方向旋轉。,以逆時針方向旋轉。,先以順時針方向旋轉，再以逆時針方向旋轉。,先以逆時針方向旋轉，再以順時針方向旋轉。,A
第二章 基礎飛行原理,203,無人直昇機為了抵銷扭力，在設計上使用尾旋翼在機尾產生一個向右的力，稱為下列哪 種力？,尾旋翼升力。,尾旋翼阻力。,尾旋翼推力。,尾旋翼壓力。,C
第二章 基礎飛行原理,204,無人直昇機「懸停」 ，係指保持幾乎不動的飛行，並保持下列哪種狀態？,主旋翼轉速不變和航向不變。,高度不變和航向不變。,主旋翼轉速不變和高度不變。,以上皆非。,B
第二章 基礎飛行原理,205,無人直昇機「從懸停到正常起飛」 ，係指有順序的轉換到向前飛行，執行時應安全且迅速 的採取下列哪種動作？,改變航向。,增加地面速度。,增加高度。,增加主旋翼轉速。,C
第二章 基礎飛行原理,206,無人直昇機「從地面到正常起飛」 ，係指使用下列哪個動作，將直昇機從地面移動到有效 轉換升力及正常爬升？,最小的所需動力。,最大的所需動力。,最小的地面速度。,最大的地面速度。,A
第二章 基礎飛行原理,207,無人多旋翼機是一種經由多個定距槳的正反旋轉與轉速控制，提供下列哪些性能調整？,阻力與推力調整。,重心與阻力調整。,升力與姿態調整。,升力與重心調整。,C
第二章 基礎飛行原理,208,無人多旋翼機旋翼以不同方向旋轉，抵消反作用力，使產生下列哪項結果？,使總力矩為零。,使總推力為零。,使總升力為零。,使總阻力為零。,A
第二章 基礎飛行原理,209,無人多旋翼機可以直接採用下列哪種螺旋槳？,定距槳。,變距槳。,恆速槳。,以上皆非。,A
第二章 基礎飛行原理,210,無人多旋翼機改變前後兩端旋翼的升力，使之不平衡，來實現下列哪種姿態？,垂直的升降姿態。,俯仰的姿態。,偏航的姿態。,滾轉的姿態。,B
第二章 基礎飛行原理,211,無人多旋翼機同時減少或增加斜對角兩對旋翼轉速與升力，來實現下列哪種姿態？,垂直的升降姿態。,俯仰的姿態。,偏航的姿態。,滾轉的姿態。,C
第二章 基礎飛行原理,212,無人多旋翼機改變橫向兩端旋翼的升力，使之不平衡，來實現下列哪種姿態？,垂直的升降姿態。,偏航的姿態。,俯仰的姿態。,滾轉的姿態。,D
第二章 基礎飛行原理,213,在空氣動力學裡，負載係數定義為下列哪個比值？,升力與重力之比值。,阻力與重力之比值。,推力與重力之比值。,升力與阻力之比值。,A
第二章 基礎飛行原理,214,遙控無人機飛行時會產生各種姿態，負載係數即能表達下列哪個項目？,巡航速度。,姿態動作的大小。,飛行距離。,續航時間。,B
第二章 基礎飛行原理,215,遙控無人機在進行協調轉彎時，負載係數是基於下列哪些力的結果？,升力和重力。,推力和重力。,離心力和重力。,阻力和重力。,C
第二章 基礎飛行原理,216,遙控無人機轉彎時，機翼必須產生足以與負載係數相等的升力，以達到下列哪個目的？,維持高度。,維持速度。,維持航向。,維持發動機轉速。,A
第二章 基礎飛行原理,217,無人飛機重心位置靠前時，受到配平以及總阻力的增加的影響，為了保持飛行速度不 變，必須採取下列哪種手段？,增加發動機推力。,減少發動機推力。,先增加然後減少發動機推力。,先減少然後增加發動機推力。,A
第二章 基礎飛行原理,218,無人飛機重心位置靠前時，低速飛行時，為了穩定較強的俯仰姿態，可能會有下列哪種 情形導致提高不穩定進場的風險？,配平可能不足。,配平可能過大。,滾轉可能不足。,滾轉可能過大。,A
第二章 基礎飛行原理,219,無人飛機重心後移時，若進入到下列哪種情形時，會較難改正？,滾轉角變小。,螺旋失速。,偏航角變小。,攻角變小。,B
第二章 基礎飛行原理,220,無人直昇機重心太前，會抑制下列哪種性能？,平直飛行。,向後飛及懸停低速。,從地面到正常起飛。,以上皆是。,B
第二章 基礎飛行原理,221,無人飛機重量增加可能造成下列哪種結果？,降低失速速度。,提高失速速度。,失速速度不變。,以上皆非。,B
第二章 基礎飛行原理,222,遙控無人機保持平飛，飛行速度越大則升力與阻力會有下列哪種結果？,升力、誘導阻力越小。,升力不變、寄生阻力越大。,升力越大、誘導阻力越小。,升力不變、誘導阻力越大。,B
第二章 基礎飛行原理,223,無人機正以航向 90接近機場，請問此無人機目前在機場的下列哪一個方向？,北方。,西方。,東方。,南方。,B
第二章 基礎飛行原理,224,在作飛行規畫或操作無人機時，操作人手上有多項重量和平衡的資訊，依日期先後排 列，包括 a. 2016/8/15 (無人機出廠時) ， b. 2016/10/18 ，c. 2016/12/27 ，d. 2017/2/8 ，e.  2017/6/19 (無人機上次飛行時) ， f. 2017/9/20 ，操作人應使用下列哪一項？,2017/9/20 重量和平衡的資訊。,2016/8/15 (無人機出廠時)重量和平衡資訊。,2017/6/19 (無人機上次飛行時)重量和平衡資訊。,任一項的重量和平衡資訊。,A
第二章 基礎飛行原理,225,請問下列哪一種情況，可以視為上傳鏈路失效？,操作人無法目視到無人機。,無人機不執行地面控制站上傳的控制命令。,操作人與塔台間的通訊斷訊。,無人機無法將自身狀態(速度、高度、位置、設備狀態等)以及相關任務數據發回 地面控制站。,B
第二章 基礎飛行原理,226,請問上傳鏈路失效通常是下列哪一種原因？,GPS失效。,地面控制站天線附近站了太多人。,無人機飛出操作人目視範圍以外。,頻率干擾。,D
第二章 基礎飛行原理,227,慣性導航系統( Inertial Navigation System ，INS)是一種不依賴於外部資訊、也不向外部 輻射能量(如無線電導航那樣)的自主式導航系統。慣性導航的基本工作原理是下列哪 一項？,以天體力學定律為基礎，以星座獲得位置，經幾何運算得到速度、加速度等資訊。,以幾何力學定律為基礎，以磁場獲得位置，經三角運算得到速度、加速度等資訊。,以牛頓力學定律為基礎，以 GPS獲得位置，微分得到速度，再微分得到加速度等資 訊。,以牛頓力學定律為基礎，以加速度計獲得加速度，積分得到速度，再積分得到位置 等資訊。,D
第二章 基礎飛行原理,228,下列何者為遙控無人機運作之核心，主要執行起飛、航 行、返場降落及回收等動作？,導航系統。,動力系統。,飛行控制系統。,無線遙控系統。,C
第二章 基礎飛行原理,229,航空模型上沒有 GPS，也沒有高度計，請問操作人應如何判斷 400英呎飛行高度？,在飛行前獲得地面上離無人機 400英呎的目測概念作飛行高度參考。,該無人機飛行時，操作另一架有高度計的無人機到 400英呎作飛行高度參考。,操作該無人機到 400英呎高塔旁邊作飛行高度參考。,操作該無人機到兩座已知高度建築物中間作飛行高度參考。,A
第二章 基礎飛行原理,230,當準備在無人機上安裝攝影機或其他酬載時，操作人應有如何的認知？,超出無人機重量限制和重心範圍一點點，不影響安全。,先測試看看，只要飛的起來就沒問題。,即使超出重心範圍，但只要在重量限制內，透過高超的操作技巧一樣能夠飛行。,不超出無人機重量限制和重心範圍。,D
第二章 基礎飛行原理,231,假設無人飛機最大起飛重量 102磅，重心範圍(參考面在機鼻) 25~27英吋。某次飛行 前稱重，空重(含燃油) 50磅、力臂 20英吋，前艙酬載 20磅、力臂 10英吋，後艙酬 載30磅、力臂 40英吋，總重 100磅，重心 24英吋，請問操作人應採取下列哪一項動 作？,前艙酬載往前移動 2.6英吋。,後艙酬載往後移動 3.4英吋。,後艙酬載配重增加 2.5磅。,前艙酬載配重增加 1.2磅。,B
第二章 基礎飛行原理,232,"無人機正以空速保持( 40 kts)及姿態保持在往東飛行，無人機經緯度為 E 121∘10′ 00""，N 22∘20′30""，此時為靜風，無人機要飛到 E 121∘30′00""，N 22∘20′30""執行 任務，請問無人機還要約多少時間才會抵達？",10分鐘。,20分鐘。,30分鐘。,40分鐘。,C
第二章 基礎飛行原理,233,無人機正在平直飛行時，因任務需要必須快速增加高度，請問操作人應採取下列哪一項 動作？,將動力加到最大，攻角越大越好，以得到最大爬升率。,保持動力，快速增大攻角，注意不超過臨界攻角。,將動力加到最大，以最佳爬升角空速執行爬升，在一定距離產生最大高度增加。,將動力加到最大，以最佳爬升率空速執行爬升，注意不超過臨界攻角。,D
第二章 基礎飛行原理,234,機場跑道地面風約為正南風，使用跑道為南北向，請問一般航空器在操作時應選擇哪一 方向的跑道？,18跑道。,27跑道。,09跑道。,36跑道。,A
第三章 氣象,1,當空氣密度增加時，對飛機升力的影響為何者？,升力增加。,升力降低。,升力不變。,升力有時增加有時降低。,A
第三章 氣象,2,下列何者非影響空氣密度之因素？,高度。,溫度。,濕度。,應力。,D
第三章 氣象,3,當空氣中分子較少且稀薄，表示其密度高度為何？,越高。,越低。,可能高也可能低。,無法判斷。,A
第三章 氣象,4,當空氣中分子較多且濃厚，表示其密度高度為何？,越高。,越低。,可能高也可能低。,無法判斷。,B
第三章 氣象,5,高密度高度之環境比較不會出現於下列何處？,低海拔處。,高溫處。,非常潮濕之處。,低大氣壓力之處。,A
第三章 氣象,6,低密度高度之環境比較不會出現於下列何處？,大氣壓力極高之處。,低海拔處。,乾燥處。,高溫處。,D
第三章 氣象,7,空氣可藉由外界的作功達到下列哪種效果？,加工成形。,染色。,壓縮及膨脹。,以上皆是。,C
第三章 氣象,8,於固定空氣體積下，升溫時該體積空氣密度減少，降溫時該體積空氣密度為下列何種變 化？,增加。,減少。,不變。,有時增加有時減少。,A
第三章 氣象,9,對流層裡，溫度及壓力均隨高度增加而有下列何種變化？,降低。,增加。,不變。,有時增加有時降低。,A
第三章 氣象,10,下列有關大氣壓力量測之敘述，何者錯誤？,國際標準大氣 (International Standard Atmosphere ，ISA)為各國公認之參考校正基準。,海平面大氣壓力為 29.92英吋汞柱 (inHg)。,一標準大氣壓力等於 1017.2毫巴值。,"每上升 1,000英呎，氣壓值減少約 1英吋汞柱。",C
第三章 氣象,11,標準一大氣壓的 29.92吋汞柱換算成毫巴值為下列哪個數值？,10.132。,101.32。,1013.2。,10132。,C
第三章 氣象,12,大氣壓力之實際值與標準值存在差距，係由於哪項因素所影響？,壓力錶廠牌差異。,地面溫度不平均。,壓力錶讀法差異。,壓力錶校正值差異。,B
第三章 氣象,13,若遙控無人機操作人未能注意大氣壓力實際值與標準值間之差距並適時修正，可能無法 精確掌握何項資訊？,實際高度。,實際航向。,實際滾轉角。,實際引擎轉速。,A
第三章 氣象,14,氣象資料顯示某區域之氣壓值有向上提升之趨勢，代表該區域天氣狀況有何種變化？,天氣轉壞。,天氣可能轉好也可能轉壞。,天氣好轉。,以上皆非。,C
第三章 氣象,15,氣象資料顯示某區域之氣壓值有向下降低之趨勢，代表該區域天氣狀況有何種變化？,天氣好轉。,天氣轉壞。,天氣有時晴朗有時轉壞。,以上皆非。,B
第三章 氣象,16,空氣的水平運動稱為？,「雲」 。,「風」 。,「霧」 。,「霾」 。,B
第三章 氣象,17,有關風速的單位下列何者為非？,公尺 /每秒  (m/s)。,公里 /每小時  (km/h)。,海浬 /每小時  (kts)。,公斤 /每小時  (kg)。,D
第三章 氣象,18,遙控無人機通常應於下列哪種風向下起降？,順風。,側風。,逆風。,任何風向。,C
第三章 氣象,19,遙控無人飛機於逆風下起飛，不會有以下哪種特性？,增加穩定性。,增加操縱性。,減少起飛距離。,減少操縱性。,D
第三章 氣象,20,遙控無人機飛經下列哪個區域較易遭受亂流影響，且其亂流強度與周遭環境有密切關 聯？,大草原區。,寬廣湖泊區。,平坦操場上空。,深山峽谷區。,D
第三章 氣象,21,當越強勁的風吹過多山地區時，背風面的風場會如何變化？,漸趨平穩。,有時平穩有時不平穩。,漸趨不平穩。,不變。,C
第三章 氣象,22,遙控無人機飛航活動期間，可能於任何高度遭遇不同風切狀況，其中以哪一項對其操控 性影響最大？,超高空風切。,高空風切。,向量風切。,低空風切。,D
第三章 氣象,23,遙控無人機於起降階段突遇風速與風向之明顯改變，不會有下列哪種影響？,飛行姿態改變。,飛行軌跡改變。,所獲升力改變。,最大載重改變。,D
第三章 氣象,24,下列針對發生於臺灣地區低空風切之敘述，何者較為正確？,於鋒面過境時較為溫和，西南季風吹拂時較為強烈。,於鋒面過境時較為強烈，西南季風吹拂時較為溫和。,鋒面過境或西南季風吹拂時均為溫和。,鋒面過境或西南季風吹拂時均為強烈。,B
第三章 氣象,25,遙控無人機操作人於操作前及操作時需隨時注意天氣狀況，因天氣因素可能對無人機產 生何種影響？,外觀美感。,飛行航向。,品牌知名度。,重量大小。,B
第三章 氣象,26,下列何種天氣現象，與大氣垂直運動無直接關係？,雷雨。,平流霧。,冰雹。,下爆氣流。,B
第三章 氣象,27,大氣穩定度與下列何項因子有直接關係？,空氣流動方向。,空氣中懸浮微粒大小。,水氣飽和程度。,空氣乾燥程度。,A
第三章 氣象,28,於地球表面某特殊地區所生成，具停留時間長且其水平方向之物理性質 (如溫度及濕度 ) 等均為一致之廣大空氣體，稱之？,鋒面。,氣團。,颶風。,塔狀積雲。,B
第三章 氣象,29,下列哪個城市所處位置之氣候條件，較易發生午後雷陣雨？,東京。,新加坡。,莫斯科。,倫敦。,B
第三章 氣象,30,一定量空氣於一定溫度下，所能容納之下列何者亦有其限度？,PM2.5。,微生物。,水氣量。,細菌。,C
第三章 氣象,31,當空氣中水氣含量已達其最高限度時，此時相對溼度為何？,0.2。,0.4。,0.8。,1。,D
第三章 氣象,32,空氣能容納水氣量之多寡與下列何者有密切關係？,空氣含氧量。,空氣雜質含量。,溫度。,空氣惰性氣體成份。,C
第三章 氣象,33,已飽和之水氣如遇溫度持續下降，不會產生下列哪種現象？,霧。,雲。,雨滴。,風。,D
第三章 氣象,34,空氣中實際所含水氣量，與相同溫度下可含最大水氣量之百分比，稱為？,絕對濕度。,相對濕度。,同溫濕度。,實際濕度。,B
第三章 氣象,35,空氣中濕度越高，會導致下列哪種情形？,空氣的壓力越大。,空氣密度越低。,飛行器升力增加。,涼爽度提高。,B
第三章 氣象,36,當空氣溫度等於露點溫度時，即達到何種狀況？,水氣沸點。,水氣飽和點。,水氣熔點。,水氣蒸發點。,B
第三章 氣象,37,水汽飽和時不會產生下列哪種現象？,雲。,霧。,雨。,雷爆。,D
第三章 氣象,38,「霧」依其形成條件及特性分有不同種類，下列何者非常用之分類？,平流霧。,蒸氣霧。,鋒面霧。,高空霧。,D
第三章 氣象,39,有關平流霧之特點，下列何者為非？,日出後消散快速。,相對濕度較高。,不容易消散。,可能發生於沿海區域。,A
第三章 氣象,40,下列哪一種情況能有助於平流霧之消散？,風速變小。,風向轉變。,溫度升高。,濕度增高。,B
第三章 氣象,41,有關輻射霧之特點，下列何者為非？,日出後漸漸消散。,大都發生於冬季。,相較於平流霧比較不容易消散。,通常地面風速微弱、空氣穩定。,C
第三章 氣象,42,冷空氣因流經溫暖水面之蒸發作用使其中水氣增加，因而凝結成下列哪種霧的型態？,蒸氣霧。,輻射霧。,山坡霧。,鋒面霧。,A
第三章 氣象,43,蒸氣霧常出現於下列哪個季節？,春夏季節。,夏末季節。,秋冬季節。,春末季節。,C
第三章 氣象,44,於兩股不同性質氣團之交界面，當空氣自高空往下移動自近地面較冷空氣而凝結所成之 霧，稱之？,鋒面霧。,山坡霧。,輻射霧。,蒸氣霧。,A
第三章 氣象,45,鋒面霧多伴隨何種天氣現象發生？,颱風。,鋒面。,雷陣雨。,龍捲風。,B
第三章 氣象,46,平流和輻射兩種物理過程亦可相輔相成，造成下列哪種霧的發生？,平流輻射霧。,山坡霧。,蒸氣霧。,鋒面霧。,A
第三章 氣象,47,當周遭空氣溫度下降至低於露點，水氣因此凝結成水滴並附著於地表或建築物上，其稱 之？,雲。,露。,霧。,霜。,B
第三章 氣象,48,附著於航空器上之露珠若凝結成固態霜，對飛航安全有何影響？,對飛安有幫助。,對飛安可能造成危害。,對飛安並無影響。,對飛安有時可能造成危害有時無影響。,B
第三章 氣象,49,附著於機體表面的霜在飛行時不會產生下列哪種情形？,擾動流經機翼之空氣。,降低升力。,增加阻力。,增加飛航效率。,D
第三章 氣象,50,於大陸型氣候區域執行深秋早晨之飛行任務前，務必進行下列哪個程序以確保安全？,暖身程序。,點名程序。,除霜程序。,冥想程序。,C
第三章 氣象,51,雲有下列哪幾種型態？,積狀雲。,層狀雲。,卷狀雲。,以上皆是。,D
第三章 氣象,52,雲的型態依據雲所在的高度可以分成下列哪幾種？,高雲族。,中雲族。,低雲族。,以上皆是。,D
第三章 氣象,53,"高雲族高度大約在 6,000公尺以上，主要有下列哪幾種？",卷雲。,卷層雲。,卷積雲。,以上皆是。,D
第三章 氣象,54,"中雲族高度大約在 2,000~6,000 公尺，主要有下列哪幾種？",高積雲。,高層雲。,雨層雲。,以上皆是。,D
第三章 氣象,55,"低雲族高度位於 2,000公尺以下，包含下列哪幾種？",積雲。,層雲。,層積雲。,以上皆是。,D
第三章 氣象,56,下列何者為常見氣團分類方式？,依其源地緯度高或低。,依其源地為大陸或海洋。,依其所經地面為冷空氣或暖空氣。,以上皆是。,D
第三章 氣象,57,氣團本身冷於周遭空氣稱為？,暖氣團。,冷氣團。,冰氣團。,熱氣團。,B
第三章 氣象,58,氣團穩定度決定其籠罩區域的哪種形態？,社會形態。,經濟形態。,天氣形態。,政治形態。,C
第三章 氣象,59,在鋒面兩側的下列哪種現象通常均有明顯的差異？,溫度。,濕度。,風、天氣。,以上皆是。,D
第三章 氣象,60,當冷空氣前進，迫使暖空氣後退而取代暖空氣原有位置，則此時產生之鋒面稱為？,滯留鋒。,暖鋒。,冷鋒。,囚錮鋒。,C
第三章 氣象,61,當冷暖氣團勢均力敵以致使鋒面呈滯留狀態，此時之鋒面稱為？,暖鋒。,滯留鋒。,冷鋒。,囚錮鋒。,B
第三章 氣象,62,遙控無人機飛經各鋒面區時，可能遭遇下列何項劇烈變化？,溫度。,濕度。,風向。,以上皆是。,D
第三章 氣象,63,遙控無人機於山區飛行時若遇強風，則可選擇何處飛行相較為平順？,背風面。,側風面。,迎風面。,以上皆非。,C
第三章 氣象,64,遙控無人機於山區飛行時，過了山巔需注意沿何方向所產生之亂流？,側風面。,背風面。,迎風面。,以上皆非。,B
第三章 氣象,65,遙控無人機飛越可見水氣(如雨或雲)時，需注意哪個部位可能發生積冰現象？,機翼翼面。,尾翼翼面。,感測器。,以上皆是。,D
第三章 氣象,66,遙控無人機飛行時，於下列哪種情形可能發生積冰現象？,機體周遭氣溫為攝氏零度。,機體周遭氣溫為攝氏零度以下。,有可見水氣。,以上皆是。,D
第三章 氣象,67,當遙控無人機飛越結冰區域時，可能發生下列哪種狀況？,影響或誤判遙控無人機飛行性能表現。,提升遙控無人機飛行性能表現。,遙控無人機飛行性能表現可能變好或變壞。,不太可能發生任何狀況。,A
第三章 氣象,68,雷雨的發展循環不包含下列何者？,發展期。,成熟期。,重疊期。,消散期。,C
第三章 氣象,69,雷雨成熟期具有的特徵為何？,下沉氣流。,開始降水。,打雷。,以上皆是。,D
第三章 氣象,70,雷雨消散期具有的特徵為何？,降雨減緩。,下沉氣流減緩。,雷雨雹消散。,以上皆是。,D
第三章 氣象,71,臺北航空氣象中心隸屬於下列哪個機關？,交通部觀光局飛航服務總臺。,交通部民用航空局飛航服務總臺。,交通部中央氣象局飛航服務總臺。,交通部航政司飛航服務總臺。,B
第三章 氣象,72,遙控無人機操作人可透過中央氣象局網頁取得下列哪項資料？,天氣觀測資料。,天氣預報資料。,衛星雲圖。,以上皆是。,D
第三章 氣象,73,遙控無人機操作人可透過飛航服務總臺所建置之航空氣象服務網 (AOAWS) 取得下列哪項 資料？,國內外主要機場之即時觀測資料。,國內機場 6小時天氣預報資料。,太平洋地區衛星雲圖。,高空風溫圖。,A
第三章 氣象,74,考量天氣條件對於遙控無人機操控行為之影響，遙控無人機操作人應具備下列何者之基 礎判讀能力？,航空氣象報文。,國內城市氣象報文。,外國城市氣象報文。,觀光地區氣象報文。,A
第三章 氣象,75,航空例行天氣報告中，所使用觀測日期與時間及其代碼說明為下列何者？,Z字母指示碼；代表 UTC時間。,L字母指示碼；代表本地時間。,T字母指示碼；代表 UTC時間。,X字母指示碼；代表本地時間。,A
第三章 氣象,76,航空例行天氣報告中，所觀測盛行能見度值，其編報方式及單位為何？,4碼(公尺) 。,6碼(公尺) 。,8碼(公尺) 。,10碼(公尺) 。,A
第三章 氣象,77,航空氣象觀測員將天空劃分成 8等份，若觀測到 1/8至2/8的天空被雲層遮蓋，該雲量類 別稱為下列何者？,稀雲。,疏雲。,裂雲。,密雲。,A
第三章 氣象,78,航空氣象觀測員將天空劃分成 8等份，若觀測到 3/8至4/8的天空被雲層遮蓋，該雲量類 別稱為下列何者？,稀雲。,疏雲。,裂雲。,密雲。,B
第三章 氣象,79,航空氣象觀測員將天空劃分成 8等份，若觀測到 5/8至7/8的天空被雲層遮蓋，該雲量類 別稱為下列何者？,稀雲。,疏雲。,裂雲。,密雲。,C
第三章 氣象,80,航空氣象觀測員將天空劃分成 8等份，若觀測到 8/8的天空被雲層遮蓋，該雲量類別稱 為下列何者？,稀雲。,疏雲。,裂雲。,密雲。,D
第三章 氣象,81,航空例行天氣報告中，雲層之雲底高度單位為下列哪一個？,公尺。,公里。,呎。,浬。,C
第三章 氣象,82,終端機場天氣觀測報中，盛行天氣現象包括下列哪個項目？,風向風速。,能見度。,天氣狀況及雲組。,以上皆是。,D
第三章 氣象,83,某一特定容積氣體的密度換算成標準大氣壓力狀態下的高度，稱之為下列哪種高度？,指示高度。,壓力高度。,密度高度。,絕對高度。,C
第三章 氣象,84,相同體積下，在低壓力狀態的氣體，其特徵為？,質量較高。,密度較低。,質量密度均高。,無法判斷。,B
第三章 氣象,85,相同體積下，當壓力加倍，則空氣密度將為哪種變化？,亦為加倍。,減半。,增加 4倍。,減少為 1/4。,A
第三章 氣象,86,於一定體積下，空氣之溫度與密度成何項關係？,溫度與密度成正比。,溫度與密度成反比。,溫度與密度的平方成正比。,溫度與密度的平方成反比。,B
第三章 氣象,87,「國際標準大氣」是指在假設大氣環境下，海平面之大氣壓力和溫度分別為何？,29.92吋汞柱 /攝氏 25度。,29.92吋汞柱 /攝氏 15度。,39.92吋汞柱 /攝氏 15度。,39.92吋汞柱 /攝氏 25度。,B
第三章 氣象,88,"於對流層中，高度每上升 1,000呎，溫度如何變化？",降低約攝氏 2度。,升高約攝氏 2度。,降低約攝氏 20度。,升高約攝氏 20度。,A
第三章 氣象,89,"高度每上升 1,000呎，氣壓值如何變化？",減少約 10吋汞柱。,增加約 10吋汞柱。,減少約 1吋汞柱。,增加約 1吋汞柱。,C
第三章 氣象,90,氣象上定義風的來向為風向，例如風自東邊吹來，稱其為？,西風。,東風。,南風。,北風。,B
第三章 氣象,91,當遙控無人飛機於起飛時遭遇較強之正側風，可能導致下列哪種風險？,操作人視線不清。,導控距離變短。,翼面與地面接觸。,起飛距離變短。,C
第三章 氣象,92,當遙控無人飛機於降落時遭遇較強之正側風，可能導致下列哪種風險？,落地後偏離跑道。,操作人視線不清。,導控距離變短。,降落距離變短。,A
第三章 氣象,93,遙控無人直昇機及遙控無人多旋翼機，由於可垂直起降，因此對於風向之考量多著重於 下列何者？,起降時遇到較強的正側風。,滯空飛行時的穩定度。,避免順風起降。,不要遮蔽操作人視線。,B
第三章 氣象,94,大氣中不同兩點間風速或風向之劇烈變化，稱之為何？,風流。,風切。,風格。,風氣。,B
第三章 氣象,95,風切可能伴隨下列哪種現象？,垂直氣流。,焚風氣流。,旋風氣流。,離心氣流。,A
第三章 氣象,96,所謂低空風切，我國定義係指下列哪個高度範圍之空氣層中，其風向或風速之突然變 化？,"10,000~15,000 呎。","5,000~10,000 呎。","1,600~5,000 呎。","1,600呎以下。",D
第三章 氣象,97,微爆氣流的循環約在 5到15分鐘之間，所產生之下沉氣流可達下列何項速度？,每分鐘 600呎。,"每分鐘 6,000呎。","每分鐘 20,000呎。","每分鐘 50,000呎。",B
第三章 氣象,98,微爆氣流頂風與尾風的速度差距可達哪項範圍？,30到90節。,5到10節。,10到20節。,20到30節。,A
第三章 氣象,99,淺層的逆溫層一般來說高度為下列何者？,"約離地 5,000公尺。","約離地 3,000公尺。","約離地 1,000公尺。",約離地 300公尺。,D
第三章 氣象,100,同樣體積之空氣溫度愈高，能容納之水氣為何？,愈多。,愈少。,不變。,有時愈多有時愈少。,A
第三章 氣象,101,在一定大氣壓力下，空氣中水氣含量固定不變時，若氣溫降至相當溫度使空氣飽和，氣 溫再稍低，水氣即行凝結，此時之溫度，稱為下列哪種狀況？,露點。,沸點。,霜點。,熔點。,A
第三章 氣象,102,暖空氣經過冷地表時，暖空氣受地表影響降溫，可使水氣達到下列哪個狀態？,不飽和狀態。,半飽和狀態。,飽和狀態。,超飽和狀態。,C
第三章 氣象,103,當空氣溫度達到或接近露點時，空氣中的水氣就會逐漸凝結，進而發生會影響能見度的 下列哪種狀況？,霜。,露。,霧。,以上皆是。,C
第三章 氣象,104,當溫暖且潮溼的空氣流經較冷的地面時，低層空氣中的水氣會因冷卻作用而凝結形成 霧，稱之為下列哪種霧？,平流霧。,山坡霧。,鋒面霧。,蒸氣霧。,A
第三章 氣象,105,通常出現在冬季晴朗、微風、近地面水氣充沛的夜間或清晨的霧，稱之為下列哪種霧？,輻射霧。,山坡霧。,鋒面霧。,蒸氣霧。,A
第三章 氣象,106,當濕空氣沿山坡上升時，經絕熱冷卻而成的霧，稱之為下列哪種霧？,山坡霧。,輻射霧。,蒸氣霧。,鋒面霧。,A
第三章 氣象,107,平流輻射霧好發生於下列哪種季節地點？,春末夏初台灣東部地區。,夏末秋初台灣北部地區。,冬末春初台灣西部地區。,秋末冬初台灣南部地區。,C
第三章 氣象,108,水氣若溫度低於冰點即凝結成下列哪種現象？,雲。,霜。,露。,霧。,B
第三章 氣象,109,氣團從發源地移出後，與不同屬性的氣團相遇，而性質不同之冷暖兩氣團相遇時，其交 界處稱為下列哪種現象？,鋒面。,界面。,團面。,表面。,A
第三章 氣象,110,遙控無人機若是嚴重結冰則可能會導致下列哪種狀況？,推力不足而失速。,重心偏移而失速。,升力不足而失速。,以上皆是。,C
第三章 氣象,111,雷雨發展期的特徵是下列哪種現象？,下沉氣流。,上升氣流。,垂直風切。,水平風切。,B
第三章 氣象,112,不宜在下列哪個範圍操作遙控無人機？,成長快速的積雲附近。,遠離成長快速的積雲。,不明顯且成長停滯的積雲附近。,以上皆非。,A
第三章 氣象,113,雷雨成熟期的上升氣流及下沉氣流互相交錯，產生下列哪種現象？,水平風切。,垂直風切。,低空風切。,微爆氣流。,B
第三章 氣象,114,航空氣象裡的機場觀測項目中，觀測人員就機場現時觀測之結果，原則上在下列哪個時 間間隔編報「航空例行天氣報告( METAR) 」？,每5分鐘或 10分鐘。,每30分鐘或 60分鐘。,每6小時或 12小時。,每24小時或 36小時。,B
第三章 氣象,115,航空氣象裡的預報資料項目中，針對機場的天氣預報原則上在下列哪個時間間隔編報 「終端機場天氣預報( TAF) 」？,每24小時。,每12小時。,每6小時。,每2小時。,C
第三章 氣象,116,航空例行天氣報告中，觀測場站之識別碼：觀測發生之機場，我國機場識別碼前兩碼均 為下列哪兩個英文字母？,QQ。,RC。,AA。,BB。,B
第三章 氣象,117,航空例行天氣報告中，風向及風速：機場風向風速之觀測值，使用觀測下列哪個期間之 平均風向與平均風速之編報？,前1分鐘。,前10分鐘。,前60分鐘。,前180分鐘。,B
第三章 氣象,118,航空例行天氣報告中，雲量是指下列哪個定義？,雲在天空中的烏黑程度。,雲在天空中的高度。,雲在天空中遮蓋的份數。,雲在天空中的移動速度。,C
第三章 氣象,119,遙控無人機操作人針對不同壓力高度對於無人機起降滑行距離之影響，應有何種正確認 知？,只要載重固定，起降滑行距離不受壓力高度變化影響。,起降滑行距離與跑道鋪面、坡度及地面風向有關，無關壓力高度。,壓力高度影響空氣密度，進而影響爬升率，對於起降滑行距離有直接影響。,起降滑行距離與無人機動力來源有關，無關壓力高度。,C
第三章 氣象,120,「霧」對於無人機起降活動之影響顯而易見，請問下列針對「霧」的成因判斷，何者最 為恰當？,注意風(空氣水平運動)的狀況，風速增加就可能形成「霧」 。,注意對流(空氣垂直運動)的狀況，對流增強就可能形成「霧」 。,注意大氣壓力值是否降低，降低就可能形成「霧」 。,注意空氣溫度是否接近露點溫度，接近就可能形成「霧」 。,D
第三章 氣象,121,無人機結束任務正準備返場，團隊藉由氣象資料得知 5邊航線上有風切現象，風速及風 向變化劇烈，請問操作人應特別注意風切對無人機之何項影響？,引擎轉數可能因此而不穩定。,資料鏈和 GPS可能因此而失效。,重心可能因此而偏移。,可能造成升力損失，影響飛航穩定性，甚至無法安全降落。,D
第三章 氣象,122,無人機正於高聳建物附近飛行，因地面上障礙物會影響風的流動，故操作人應特別注意 下列何種情形？,風速及風向快速變化所產生之亂流。,加強無人機穩定性及視線。,發揮無人機性能表現。,避免資料鏈和 GPS可能因風速及風向之變化而失效。,A
第三章 氣象,123,當氣團行經水面和陸地，最終將與另一不同特性的氣團接觸。此兩種不同類型的氣團的 邊界層稱為鋒面。請問操作人最容易辨認下列哪一種鋒面中的不連續現象？,雲層的增加。,相對濕度的增加。,溫度的變化。,能見度的變化。,C
第三章 氣象,124,當無人機須穿越鋒面進行飛航任務時，操作人應特別注意下列哪一種天氣現象之變化？,降水型態之改變。,風向之改變。,氣團穩定性之改變。,相對濕度之改變。,B
第三章 氣象,125,無人機正以定速( 40 kts/時)及定姿態方式保持往東飛行，此時 GPS速度(地速)顯示 為44 kts/時， GPS航向為 116度，請問風速和風向約略為何？,東風 20 kts。,北風 20 kts。,南風 20 kts。,西風 20 kts。,B
第三章 氣象,126,"當無人機飛行於標準大氣壓力之環境下，其高度表指示高度(壓力高度)為 3,000英 呎，請問此時大氣壓力約為多少？",28.86英吋汞柱高。,27.82英吋汞柱高。,26.82英吋汞柱高。,25.84英吋汞柱高。,C
第三章 氣象,127,於標準大氣壓力環境下，無人機正於機場 (位於水平面 )跑道頭準備起飛，此時高度表指 示高度(壓力高度)為 200英呎，為使無人機壓力高度與機場跑道高度一致，請問操作 人應採取下列哪一項動作？,壓力高度修正為 29.72英吋汞柱高。,壓力高度修正為 27.92英吋汞柱高。,壓力高度修正為 29.52英吋汞柱高。,壓力高度修正為 25.92英吋汞柱高。,A
第三章 氣象,128,無人機正往南的方向飛行前往任務目標區，根據氣象資料顯示，飛行航線上吹著穩定而 強勁之北風，其區域及鄰近並無明顯障礙物，請問下列所述狀況何者為操作人較無須擔 心事項？,強風所持續之時間。,風速是否超出無人機飛航性能限制。,是否受到側風過大而影響飛航操作。,是否因於強風中飛行而消耗更多動力來源，進而降低續航力。,C
第三章 氣象,129,依據雲層佔據整個天空的比例，一般將雲區分成稀雲、疏雲、裂雲、密雲 等4個種類。 現在收到氣象預報： 「早晨疏雲，上午密雲，下午裂雲，晚上稀雲」 ，請問下列哪一個時 段的降雨機率比較大？,早晨。,晚上。,上午。,下午。,C
第四章 緊急處置與飛行決策,1,遙控無人機操作人在執行任務前及過程中，需確保參與執行的成員不受下列哪種狀況的 影響？,娛樂圈八卦和謠言。,國內股市行情。,酒精及藥物。,世界經濟發展情勢。,C
第四章 緊急處置與飛行決策,2,遙控無人機操作人在執行任務前及過程中，下列哪種狀況也可能影響操作安全？,娛樂圈八卦和謠言。,一般的成藥如抗組織胺或解除充血劑。,國內股市行情。,世界經濟發展情勢。,B
第四章 緊急處置與飛行決策,3,有關可能影響操作人安全操作遙控無人機的因素主要有下列哪種狀況？,過度換氣、壓力、疲勞。,脫水、熱中暑。,酒精與藥物。,以上皆是。,D
第四章 緊急處置與飛行決策,4,過度換氣若無法善加控制，可能讓遙控無人機操作人進入下列哪個狀態？,神經緊張。,意識不清。,心情鬱悶。,懷疑心重。,B
第四章 緊急處置與飛行決策,5,過度換氣的常見症狀有下列哪種狀況？,視界窄化、意識不清。,輕快或暈眩感、肢體末稍有刺痛感。,對冷熱敏感、肌肉痙攣感。,以上皆是。,D
第四章 緊急處置與飛行決策,6,過度換氣的改善方法是下列哪種方式？,多閱讀、多聽音樂。,適當的飲食。,血液裡的二氧化碳濃度恢復到正常狀態。,擴展社交範圍。,C
第四章 緊急處置與飛行決策,7,最好的預防及矯治過度換氣的方法就是下列哪種方式？,讓呼吸保持正常、朝向紙袋呼吸或大聲交談。,多閱讀、多聽音樂。,適當的飲食。,擴展社交範圍。,A
第四章 緊急處置與飛行決策,8,下列哪種狀況是人體對於生理及心理的需求所做出的反應？,脫水。,壓力。,熱中暑。,酒醉。,B
第四章 緊急處置與飛行決策,9,壓力源包括下列哪種狀況？,物理的壓力(如噪音及振動) 。,生理的壓力(如疲勞) 。,心理的壓力(如工作困難或個人情緒因素) 。,以上皆是。,D
第四章 緊急處置與飛行決策,10,持續性的急性壓力可能發展成下列哪種狀況？,不定期的過度換氣壓力。,不定期的疲勞壓力。,長期的慢性壓力。,不定期的酒精壓力。,C
第四章 緊急處置與飛行決策,11,慢性壓力在長期累積或壓抑下，會導致下列哪種狀況？,個人能力大幅提升。,個人能力時好時壞。,個人能力大幅下滑。,個人能力保持不變。,C
第四章 緊急處置與飛行決策,12,遙控無人機操作人若體驗到壓力已導致己身能力下滑時即應採取下列哪種作為？,暫停執行任務、適當休息。,堅持到底、繼續執行任務。,順其自然、不必大驚小怪。,邊聽音樂舒壓、邊執行任務。,A
第四章 緊急處置與飛行決策,13,狀況警覺是對哪些風險元素的認知與瞭解？,飛行作業。,操作人、航空器。,環境及任務種類。,以上皆是。,D
第四章 緊急處置與飛行決策,14,下列哪種狀況可能使遙控無人機操作人過度集中注意力在某件事物而失去對整體任務的 掌握？,疲勞。,壓力。,工作量過多。,以上皆是。,D
第四章 緊急處置與飛行決策,15,操作遙控無人機前藉由下列哪些有效的工作量管理，以確保飛行任務安全執行？,計畫。,整理。,排序工作任務。,以上皆是。,D
第四章 緊急處置與飛行決策,16,疲勞可分為下列哪幾種？,生理性疲勞。,心理性疲勞。,急性與慢性疲勞。,以上皆是。,D
第四章 緊急處置與飛行決策,17,疲勞會導致下列哪幾種症狀，影響遙控無人機操作人的判斷力？,注意力渙散。,專注力下降。,協調性及溝通性降低。,以上皆是。,D
第四章 緊急處置與飛行決策,18,急性疲勞通常是下列哪一種？,短期。,長期。,有時長期有時短期。,以上皆非。,A
第四章 緊急處置與飛行決策,19,遙控無人機操作人若忽略或未及時改善急性疲勞，則會進一步造成下列哪種狀況？,過度疲勞。,慢性疲勞。,中度疲勞。,低度疲勞。,B
第四章 緊急處置與飛行決策,20,慢性疲勞可能出現的症狀包括下列哪種狀況？,虛弱、強烈的疲倦、倦怠感。,心悸、呼吸不順、頭痛。,其他身體的不適及沮喪與焦慮。,以上皆是。,D
第四章 緊急處置與飛行決策,21,急性疲勞中，有種特殊情況稱之為下列哪種疲勞，在操作方面的影響主要有時機掌握混 亂及視域過度聚焦？,社會性疲勞。,經濟性疲勞。,技能疲勞。,教育性疲勞。,C
第四章 緊急處置與飛行決策,22,下列哪種狀況是身體組織水分不足的情況？,脫水。,失眠。,低血糖。,缺氧。,A
第四章 緊急處置與飛行決策,23,下列哪種狀況可能會造成水分補充不及導致脫水？,長時間處於高溫、高溼度、高海拔環境。,心理壓力。,飲用過多刺激性飲料。,以上皆是。,D
第四章 緊急處置與飛行決策,24,脫水最先出現的症狀是下列哪種狀況，將導致遙控無人機操作人的生理及心智表現下 滑？,口乾。,舌燥。,較強的疲勞感。,以上皆是。,D
第四章 緊急處置與飛行決策,25,為避免脫水，遙控無人機操作人應隨時掌握己身之生理狀況，並採取下列哪個動作？,隨時閱讀。,適時補充水分。,適時上廁所。,隨時聽音樂。,B
第四章 緊急處置與飛行決策,26,下列哪種狀況是指身體無法對體溫進行控制？,缺氧。,低血糖。,熱中暑。,失眠。,C
第四章 緊急處置與飛行決策,27,熱中暑原因是下列哪種狀況？,身體的熱無法排出。,飲酒過量。,失眠。,低血糖。,A
第四章 緊急處置與飛行決策,28,避免熱中暑的方法是採取下列哪個動作？,勿飲酒過量。,充分的睡眠。,規律攝取足量水份。,按時用餐。,C
第四章 緊急處置與飛行決策,29,若遙控無人機操作人服用下列哪種藥物，可能會產生暈眩或是感知功能不全的情況？,成藥。,抗組織胺。,解除充血劑。,以上皆是。,D
第四章 緊急處置與飛行決策,30,酒精可能對下列哪種狀況造成影響？,影響操作及判斷、較難掌握周邊環境的變化。,身體協調性變差、視界窄化。,降低邏輯能力及注意力低落。,以上皆是。,D
第四章 緊急處置與飛行決策,31,在下列哪個時機，遙控無人機操作人應對遙控無人機進行起飛前檢查？,每次操作前。,遙控無人機有明顯異狀時。,天氣變壞時。,操作人感覺不對時。,A
第四章 緊急處置與飛行決策,32,遙控無人機起飛前檢查中發現任何異常狀況，應採取下列哪個動作？,暫時忽略異常狀況，繼續操作。,應立即修正以確保安全。,記錄異常狀況就好，不必大驚小怪，繼續操作。,任務重要就繼續操作，任務不重要就暫停操作。,B
第四章 緊急處置與飛行決策,33,緊急落地可依類型區分為下列哪幾種？,迫降。,預防性緊急著陸。,水上迫降。,以上皆是。,D
第四章 緊急處置與飛行決策,34,當面對緊急狀況時，若平時沒有熟悉緊急應變之處置程序，操作人可能會陷入下列哪種 情境中？,遙控無人機即將墜地。,遙控無人機不會出事。,遙控無人機的緊急狀況會自動消失。,遙控無人機會自動處理緊急狀況。,A
第四章 緊急處置與飛行決策,35,當遙控無人機發生異常或緊急事件時，應先穩定操作，掌握無人機位置及高度，再採取 下列哪個動作？,通報有關機關。,依檢查表，啟動或關閉相關裝備。,尋找最佳的緊急落地處。,以上皆是。,C
第四章 緊急處置與飛行決策,36,飛行決策是基於經驗的累積及判斷集合而成，著重於下列哪種決策方案？,學習決策方案。,評估決策方案。,選擇決策方案。,以上皆是。,D
第四章 緊急處置與飛行決策,37,風險管理的目的是為能夠主動辨識與飛航安全有關的危害因子，並透過下列哪個手段降 低到可接受之程度？,迴避。,減少。,隔離。,以上皆是。,D
第四章 緊急處置與飛行決策,38,飛行決策的過程中應掌握下列哪個基本原則？,不接受非相關的風險、將風險設定在合適的層級。,在獲益超過危害時接受風險。,將風險管理整合在飛行各階段的計劃過程中。,以上皆是。,D
第四章 緊急處置與飛行決策,39,操作人執行遙控無人機操作時，下列哪種心態干擾會降低飛行決策的品質？,反威權、衝動及僥倖。,衝動、僥倖及服從。,英雄主義及積極順應。,以上皆是。,A
第四章 緊急處置與飛行決策,40,遙控無人機操作人降低風險的方法，包括下列哪種？,辨識己身風險。,預知己身風險。,覺察己身風險。,以上皆是。,D
第四章 緊急處置與飛行決策,41,下列哪個因素與飛航安全密切相關，已成為維修部門及飛航管理部門關切的焦點？,政治因素。,人為因素。,社會因素。,經濟因素。,B
第四章 緊急處置與飛行決策,42,自動決策模式基本上是一種反射性的模式，其形成的重要基礎是下列哪種方式？,大量的訓練及經驗。,擴大參與人數。,正確的政治指導。,高深的哲學思想。,A
第四章 緊急處置與飛行決策,43,自動決策模式常用於下列哪種情況？,緊急情況。,無法預作分析的情況。,無法沙盤推演的情況。,以上皆是。,D
第四章 緊急處置與飛行決策,44,呼吸頻率過快以致血液裡二氧化碳的濃度過低所導致的結果，稱之為下列哪種狀況？,過度換氣。,壓力。,疲勞。,熱中暑。,A
第四章 緊急處置與飛行決策,45,壓力基本上可以分做下列哪兩大類？,急性及慢性。,經濟性及社會性。,個人性及團體性。,有害性及無害性。,A
第四章 緊急處置與飛行決策,46,急性的壓力包括下列哪種狀況，可能觸發抵抗或逃避的反應？,可能潛在的威脅。,立即的威脅(如危險、緊急情境) 。,想像的威脅。,未來的威脅。,B
第四章 緊急處置與飛行決策,47,疲勞是一種身心耗弱狀態，乃是長期處在高度壓力之下的下列哪種反應？,直覺反應。,生理或心理反應。,情緒反應。,鬱悶反應。,B
第四章 緊急處置與飛行決策,48,操作人於操作前，可利用下列哪方法的自我檢測方法，來瞭解己身的身心狀態？,IMSAFE。,簡易 ABC。,PA VE。,以上皆是。,A
第四章 緊急處置與飛行決策,49,操作遙控無人機時若發生非預期的緊急情況時，操作人首要的任務為下列哪種作為？,堅持到底、繼續執行任務。,暫停執行任務、適當休息。,應先確保己身及周邊環境及其他人員的安全。,應先確保遙控無人機的安全。,C
第四章 緊急處置與飛行決策,50,若製造商沒有提供起飛前檢查表或操作自製遙控無人機，則遙控無人機操作人應採取下 列哪個動作？,省略起飛前檢查。,應自行設計檢查表以確保能夠安全操作。,聯絡製造商提供起飛前檢查表，同時繼續操作。,借用其他型式的遙控無人機起飛前檢查表。,B
第四章 緊急處置與飛行決策,51,遙控無人機操作人在飛航操作環境下，以系統性的評估風險及處理壓力的方法，來達成 最適宜的結果，稱之為何種方法？,腦力激盪。,人因工程。,飛行決策。,以上皆是。,C
第四章 緊急處置與飛行決策,52,某種狀況、物體或活動，其可能造成人員傷亡、裝備損壞或降低運作效能，稱之為下列 哪種狀況？,風險。,危害。,災難。,事故。,B
第四章 緊急處置與飛行決策,53,危害所可能造成的後果，稱之為下列哪種狀況？,風險。,災難。,意外。,事故。,A
第四章 緊急處置與飛行決策,54,在有限的時間壓力下，未經充分蒐集、分析利弊、僅憑直覺或經驗即執行的過程稱為下 列哪種方式？,工程決斷。,反射抉擇。,自動決策。,兩難情境。,C
第四章 緊急處置與飛行決策,55,無人機正在執行任務時，發現天氣明顯變化：能見度變差、相對濕度變高、陣風風速變 大，請問操作人應採取下列哪一項動作？,當機立斷，立即將無人機返場降落，以免危及無人機性能和飛行安全。,視無人機團隊組員人數而定，如果人數夠多就繼續執行任務，不用擔心天氣影響到 無人機性能和飛行安全。,視無人機機型而定，如果無人機出廠性能優異就繼續執行任務，不必在乎天氣影響 到無人機性能和飛行安全。,以上皆是。,A
第四章 緊急處置與飛行決策,56,在作飛行規劃或操作無人機時，操作人手上有多項性能資料，每項都言之成理，但又不 盡相同，甚至互相矛盾，操作人應優先使用下列哪一項？,航空教科書計算得出的性能資料。,之前操作人提供的經驗及建議。,無人機製造商提供的性能資料。,類似系統提供的預估性能資料。,C
第四章 緊急處置與飛行決策,57,請問在下列哪一種情況下，操作人可以不必執行無人機起飛前檢查？,前一次飛行已作過起飛前檢查，如果緊接著執行下一次飛行，就不必執行起飛前檢 查。,當天第一次飛行已作過起飛前檢查，之後當天的所有飛行就都不必執行起飛前檢 查。,每次飛行前都必須執行起飛前檢查，沒有任何情況可以免除。,視飛行任務而定，如果任務簡單且飛行時間短，操作人判斷起飛前檢查屬多餘，就 不必執行起飛前檢查。,C
第四章 緊急處置與飛行決策,58,下午 3點無人機飛行時天氣愈來愈壞，氣象預報說下午有雷雨，但此時無人機正在執行 一項任務，至少需要到下午 5點才能結束返場 ，請問操作人應採取下列哪一項飛行決 策？,在惡劣天氣下飛行，會增加飛航安全的風險，應避免在雷雨期間下執行任務。,無人機狀況良好，雖然氣象預報說有雷雨，但不一定會發生，就算發生也不一定會 碰上，所以可繼續執行任務。,以前也不是沒碰過雷雨，只要無人機狀況良好、操作人能力優秀，克服天氣因素沒 問題，所以可繼續執行任務。,因為此次任務非常重要，中途放棄會損失許多金錢和時間，所以可繼續執行任務，  等碰到雷雨再說。,A
第四章 緊急處置與飛行決策,59,無人機已連續飛行一段長時間，操作人全程專心操作，但因前一夜休息不足略顯疲態， 操作團隊其他組員感覺該操作人反應變慢、注意力渙散、專注力下降、協調性及溝通性 降低等，請問操作團隊應採取下列哪一項動作？,因為該操作人比較熟悉任務需求，還是由他繼續操作，其他組員多跟他講話，鼓舞 精神，硬撐下去。,詢問該操作人會不會疲累、可否繼續操作；如果不會疲累就繼續操作，如果會疲累 再說。,基於飛航安全的考量，應儘快返場落地；由其他合適的操作人繼續執行任務。,請該操作人將無人機至於自主飛行模式，然後閉目 養神，直到精神恢復再繼續操 作。,C
第四章 緊急處置與飛行決策,60,無人機準備下午 3點以後執行任務，為了避免視線干擾應慎選控制站方位，請問操作人 應選擇下列哪一種操作方位？,操作方位面向西方。,操作方位面向東方。,任一種操作方位都可以，不必擔心視線干擾。,操作方位應面對操作範圍內任何反光物體。,B
第四章 緊急處置與飛行決策,61,無人機正在飛行時，操作團隊臨時要求操作人執行原先飛行計畫沒有安排的科目，請問 操作人應如何處理？,對原先飛行計畫沒有安排的科目，應一律拒絕執行。,既然是操作團隊要求的科目，就應配合執行。,依科目重要性而定，重要的話就不顧一切去執行，不重要的話就不執行。,快速評估可行性，包括無人機性能、個人能力及其他限制等，再決定是否執行。,D
第四章 緊急處置與飛行決策,62,無人機計畫執行視距內任務，操作人預估有一段路徑無法保持目視無人機，請問操作人 應如何處置？,使用望遠鏡來執行該段路徑無人機飛航。,只要操作人技術夠好，就不必在意該段路徑。,只要知道該段路徑沒有障礙、沒有其他無人機，就可以繼續執行任務。,改變飛行路徑，以保持目視無人機。,D
第四章 緊急處置與飛行決策,63,最大起飛重量二公斤以上且裝置導航裝置之遙控無人機於執行任務途中，因天氣變壞、 能見度變差，最後導致無人機失控墜毀於空曠無人區域，未造成人員死傷或財物毀損， 請問操作人對該無人機墜毀事件應有下列哪一項認知？,雖然未造成人員死傷或財物毀損，仍應將無人機殘骸撿拾乾淨再回程，而且不要跟  任何單位通報，以免造成自己困擾。,應在墜毀現場檢討失事原因，檢視殘骸狀況，勿破壞現場，通報當地警察局處理。,無人機因天氣等不可抗力因素而失控墜毀，只要未造成人員死傷或財物毀損，就 不 必做任何善後處理或通報任何單位。,事件發生後，無人機所有人或操作人應將事件經過通報民航局。,D
第四章 緊急處置與飛行決策,64,無人機團隊正在作任務前簡報，有人聞到操作人身上有明顯的酒味，便提出質疑，操作 人表示他剛剛只是喝了一小杯高粱酒，應無大礙，請問無人機團隊對該操作人的說法應 有下列哪一項認知？,法令規定有其容忍值，但基於飛航安全的考量，在未經酒測前，應禁止操作人執行 飛航活動。,應以任務執行為優先，還是讓該操作人從事飛航活動，只要無人機團隊多加留意便 是。,適當的飲酒不但無害且有助視力及反應，所以不必當回事，仍依原計畫讓該操作人 從事飛航活動。,依該操作人的現場狀況而定，如果該操作人看起來還好就讓他從事飛航活動，如果 該操作人看起來醉醺醺就禁止他從事飛航活動。,A
第四章 緊急處置與飛行決策,65,無人機結束當天任務準備返場，又接到任務指示： 「立即至另一指定地點執行下一項任 務。」請問操作人對該任務指示應有下列哪一項認知？,既然尚未返場落地，就接受該任務指示，以滿足任務需求為優先考量。,既然當天任務已經結束，就不必理會該任務指示，趕緊返場，早點收工休息。,考量下一項任務 的油量需求、人員負荷、空域、天氣及無人機狀況等，如果都沒有 安全顧慮，不會對任何人或物造成危險，就接受該任務指示，否則應拒絕該任務指 示，先返場整備後再執行下一項任務。,應依下一項任務的重要性而定，如果下一項任務很重要，就接受該任務指示，否則 就拒絕該任務指示。,C
第四章 緊急處置與飛行決策,66,無人機在地面檢整，準備從事飛航活動，無人機團隊有人主張： 「目視檢查無人機外觀完 整，應該就沒問題，符合安全飛航條件，可以從事飛航活動。」請問操作人對該主張應 有下列哪一項認知？,該主張正確，只要外觀完整，就可以從事飛航活動。,該主張不正確，除了外觀完整，安全飛航條件還包含：機構及動力系統穩固、飛航 註冊號碼依規定標示可辨、遙控設備與無人機間之通信及控制鏈路運作正常、燃油 或電力之供應符合飛航之需求等。,如果提出該主張的人經驗豐富，見多識廣，代表該主張正確，否則該主張不正確。,應依當時現場的天候狀況而定，如果天候狀況適於從事飛航活動，代表該主張正 確，否則該主張不正確。,B
第四章 緊急處置與飛行決策,67,無人機團隊正在作任務前簡報，氣象預報指出在任務飛行路徑無人機將進入雷雨區，無 人機很可能碰到強勁的上升氣流及下降氣流，請問操作人對該氣象預報應有下列哪一項 認知？,無人機在雷雨區飛行是很稀鬆平常的事，不必放在心上。,無人機先起飛再說，說不定雷雨區沒有氣象預報說的強勁氣流，或者根本沒有雷雨 區。,應依當時任務的重要性而定，如果任務重要就繼續從事飛航活動，否則就取消。,因為操作區域氣象條件惡劣，應審慎評估從事飛航活動的風險，必要時應建議無人 機團隊延期執行任務。,D
第四章 緊急處置與飛行決策,68,無人機因操作人操作不當導致失控墜毀於外海，通報民航局備查後，操作人情緒激動， 久久不能平復，要求無人機團隊立即讓他操作另一架同型無人機來完成沒有作完的任 務，請問無人機團隊對該要求應有下列哪一項認知？,操作人情緒不穩定，宜暫停從事無人機之飛航活動，所以應拒絕該要求。,「操作不當」的不良紀錄會導致操作人聲譽受損，讓操作人繼續執行無人機任務有 助他扳回面子，所以應同意該要求。,應視當時的天氣狀況而定 ，如果天氣好就同意該要求，否則就拒絕該要求。,應視另一架同型無人機的機務狀況而定，如果機務狀況好就同意該要求，否則就拒 絕該要求。,A
第四章 緊急處置與飛行決策,69,無人機團隊在作任務前簡報，針對此次任務可能的緊急狀況及其處置，團隊中有人主張 到時碰到再看事辦事，隨機應變即可，不用管什麼程序，請問操作人對該主張應有下列 哪一項認知？,無人機操作人的經驗最重要，只要操作人自認有把握，就可以同意該主張。,應依無人機團隊的共識而定，如果有共識就同意該主張，否則就不同意該主張。,應依無人機任務的重要性而定，如果任務重要就 同意該主張，否則就不同意該主 張。,操作人應完全熟悉並遵守無人機飛行手冊 /操作人操作手冊所規定的程序作緊急處 置，不可以同意該主張。,D
第四章 緊急處置與飛行決策,70,操作人正在作無人機飛行前檢查，發現螺槳上有刮傷刻痕，請問操作人對該刻痕應有下 列哪一項認知？,螺槳上有刮傷刻痕很平常，知道就好，不必大驚小怪。,螺槳上有刮傷刻痕極為危險，應立即更換螺槳才可以啟動引擎。,先執行無人機任務要緊，任務完成後再由無人機團隊共同研商該刻痕之對策。,操作人應針對該刻痕依據廠商手冊或相關資料作風險評估，判斷該刻痕所產生風 險 的嚴重性及可能性是否可以接受。,D
第四章 緊急處置與飛行決策,71,無人機正在機場的南方空域飛行時，航管通知有飛機準備從 06跑道進場，要求無人機必 須避開進場航線，請問操作人應採取下列哪一項動作？,避開目前飛行空域的西方和北方。,避開目前飛行空域的東方和北方。,避開目前飛行空域的西方和南方。,避開目前飛行空域的東方和南方。,A
第四章 緊急處置與飛行決策,72,無人機在溫暖天氣低空飛行時常會有對流的氣流造成上下起伏的亂流空氣，請問操作人 應採取下列哪一項動作來避免這些亂流情形？,維持穩定速度飛行；視情況爬升高度。,增加空速，衝過亂流區域。,展現優異的無人機操作技巧，不必在乎亂流空氣。,降低飛行高度，消除亂流空氣的影響。,A
第四章 緊急處置與飛行決策,73,無人機正在執行任務，操作人發現動力系統警示紅燈會不定時亮起來一段時間，然後又 熄滅，且一再重現，請問操作人對該現象應有下列哪一項認知？,只要無人機還能正常飛行，不必在意該現象，繼續執行任務。,該現象表示 動力系統可能有緊急情況會發生，操作人應立即將無人機返航落地。,無人機團隊應針對該現象共同研商出一個因應措施，尊重大家的意見，不是操作人 或任何其他個人就可以決定。,應視警示紅燈亮起來的時間長短及頻率而定，如果時間長、頻率高就注意該現象， 否則就忽略該現象。,B
第四章 緊急處置與飛行決策,74,無人飛機頂風起飛離地後引擎失效，請問操作人對該狀況應有下列哪一項認知？,立即確立適當的無人飛機飄降姿態，並直線往前或稍微偏離起飛路徑作降落。,立即以大角度轉彎將無人飛機轉回本場作降落。,立即反映無人飛機團隊，請大家集思廣益，提出對策。,立即查閱無人飛機飛行手冊 /操作人操作手冊所規定的程序，再作緊急處置。,A
第四章 緊急處置與飛行決策,75,無人機正在執行任務，下列狀況幾乎同時發生： GPS信號失效、天氣變壞及圖傳遭受干 擾等，請問操作人對該等狀況應有下列哪一項認知？,應以達成任務為優先考慮，暫時忽略該等狀況。,對該等狀況無法預作分析及沙盤推演，操作人應憑經驗果斷作成自動決策。,應與無人機團隊共同研商該等狀況之對策，從容找出最佳方案。,應仔細查閱無人機飛行手冊 /操作人操作手冊所規定的程序，再依其中規定的處置措 施逐步執行。,B
第四章 緊急處置與飛行決策,76,"某無人飛機飄降比為 10比1，正在距離機場約 2公里、高度 1,000英呎執行任務，此時 為靜風，引擎忽然故障熄火，請問操作人應採取下列哪一項動作？",不管無人飛機高度可否提供足夠飄降距離，因為無人機太重要，立即不顧一切執行 飄降返場。,判斷無人飛機高度可提供足夠飄降距離，立即執行飄降返場。,判斷無人飛機高度無法提供足夠飄降距離，立即執行場外 迫降。,雖然無人飛機高度無法提供足夠飄降距離，因為操作人信心滿滿、技藝超群，仍執 行飄降返場。,B
第四章 緊急處置與飛行決策,77,無人飛機正在執行任務，操作人發現動力系統警示紅燈亮起，燈號顯示燃油或電量已不 足以安全返場落地，飄降距離也顯然太遠，請問操作人對該緊急狀況應有下列哪一項認 知？,盡量堅持下去，往本場飛，能飛多久是多久。,盡量延伸飄降距離，不必考慮最低空速，最好能到達「理想的」落地區域。,在操作人仍可繼續操作無人機時，儘快執行「預防性緊急著陸」 。,反正已不可能安全返場落地，放棄任何努力，聽天由命。,C
第四章 緊急處置與飛行決策,78,A、B兩架無人機在同一區域執行任務， A機操作人接到一通重要電話，於是商請 B機 操作人暫時同時幫忙操作 A機，請問操作人對該要求應有下列哪一項認知？,拒絕該要求。,視當時的天氣狀況而定，如果天氣狀況良好就同意該要求，否則就拒絕該要求。,視該電話的重要性而定，如果該電話真的很重要就同意該要求，否則就拒絕該要 求。,視A機的油量而定，如果油量充足就同意該要求，否則就拒絕該要求。,A
第四章 緊急處置與飛行決策,79,無人機團隊受某媒體委託執行空拍任務，執行任務過程中委託 單位要求無人機飛出核准 區域以取得更好的畫面，無人機團隊其他成員認為該要求合理，應予執行，但是操作人 認為該要求有安全疑慮，應予拒絕，請問操作人對此情形應有下列哪一項認知？,聽從無人機團隊領隊的指示，領隊說執行就執行，到時有問題由領隊負責。,聽從無人機團隊大多數人的意見，到時有問題大家一起負責。,無人機於飛航活動期間，操作人對無人機之處置有最後決定權。,如果委託單位願意負責就執行該要求，否則就拒絕該要求。,C
